,chapter,term,position
0,<ch><29>,P.G.O.A.T.,"(16799, 16809)"
1,<ch><30>,P.G.O.A.T.,"(96122, 96132)"
2,<ch><30>,P.G.O.A.T.,"(100941, 100951)"
3,<ch><30>,P.G.O.A.T.,"(111214, 111224)"
4,<ch><30>,P.G.O.A.T.,"(113526, 113536)"
5,<ch><30>,P.G.O.A.T.,"(117141, 117151)"
6,<ch><30>,P.G.O.A.T.,"(117906, 117916)"
7,<ch><30>,P.G.O.A.T.,"(118422, 118432)"
8,<ch><30>,P.G.O.A.T.,"(119826, 119836)"
9,<ch><30>,P.G.O.A.T.,"(120620, 120630)"
10,<ch><30>,P.G.O.A.T.,"(125417, 125427)"
11,<ch><61>,P.G.O.A.T.,"(58246, 58256)"
12,<ch><65>,P.G.O.A.T.,"(272562, 272572)"
13,<ch><25>,Madame Psychosis,"(3993, 4009)"
14,<ch><26>,Madame Psychosis,"(1426, 1442)"
15,<ch><26>,Madame Psychosis,"(2915, 2931)"
16,<ch><26>,Madame Psychosis,"(4534, 4550)"
17,<ch><26>,Madame Psychosis,"(5224, 5240)"
18,<ch><26>,Madame Psychosis,"(5357, 5373)"
19,<ch><26>,Madame Psychosis,"(6607, 6623)"
20,<ch><26>,Madame Psychosis,"(6685, 6701)"
21,<ch><26>,Madame Psychosis,"(7072, 7088)"
22,<ch><26>,Madame Psychosis,"(7791, 7807)"
23,<ch><26>,Madame Psychosis,"(8534, 8550)"
24,<ch><26>,Madame Psychosis,"(9436, 9452)"
25,<ch><26>,Madame Psychosis,"(10617, 10633)"
26,<ch><26>,Madame Psychosis,"(11692, 11708)"
27,<ch><26>,Madame Psychosis,"(13572, 13588)"
28,<ch><26>,Madame Psychosis,"(14267, 14283)"
29,<ch><26>,Madame Psychosis,"(18638, 18654)"
30,<ch><26>,Madame Psychosis,"(19575, 19591)"
31,<ch><26>,Madame Psychosis,"(28825, 28841)"
32,<ch><26>,Madame Psychosis,"(28991, 29007)"
33,<ch><26>,Madame Psychosis,"(29218, 29234)"
34,<ch><26>,Madame Psychosis,"(31222, 31238)"
35,<ch><26>,Madame Psychosis,"(34619, 34635)"
36,<ch><26>,Madame Psychosis,"(34884, 34900)"
37,<ch><27>,Madame Psychosis,"(7553, 7569)"
38,<ch><27>,Madame Psychosis,"(49159, 49175)"
39,<ch><40>,Madame Psychosis,"(1204, 1220)"
40,<ch><40>,Madame Psychosis,"(1688, 1704)"
41,<ch><40>,Madame Psychosis,"(2283, 2299)"
42,<ch><49>,Madame Psychosis,"(102573, 102589)"
43,<ch><49>,Madame Psychosis,"(104814, 104830)"
44,<ch><49>,Madame Psychosis,"(109230, 109246)"
45,<ch><49>,Madame Psychosis,"(111005, 111021)"
46,<ch><49>,Madame Psychosis,"(113156, 113172)"
47,<ch><49>,Madame Psychosis,"(188097, 188113)"
48,<ch><50>,Madame Psychosis,"(14176, 14192)"
49,<ch><50>,Madame Psychosis,"(17452, 17468)"
50,<ch><63>,Madame Psychosis,"(6537, 6553)"
51,<ch><63>,Madame Psychosis,"(7299, 7315)"
52,<ch><63>,Madame Psychosis,"(7699, 7715)"
53,<ch><63>,Madame Psychosis,"(7750, 7766)"
54,<ch><63>,Madame Psychosis,"(7986, 8002)"
55,<ch><63>,Madame Psychosis,"(9087, 9103)"
56,<ch><63>,Madame Psychosis,"(9974, 9990)"
57,<ch><63>,Madame Psychosis,"(10215, 10231)"
58,<ch><63>,Madame Psychosis,"(10359, 10375)"
59,<ch><63>,Madame Psychosis,"(10586, 10602)"
60,<ch><63>,Madame Psychosis,"(10749, 10765)"
61,<ch><63>,Madame Psychosis,"(10882, 10898)"
62,<ch><63>,Madame Psychosis,"(12852, 12868)"
63,<ch><63>,Madame Psychosis,"(12900, 12916)"
64,<ch><63>,Madame Psychosis,"(13104, 13120)"
65,<ch><63>,Madame Psychosis,"(13149, 13165)"
66,<ch><63>,Madame Psychosis,"(13963, 13979)"
67,<ch><63>,Madame Psychosis,"(14424, 14440)"
68,<ch><63>,Madame Psychosis,"(14704, 14720)"
69,<ch><63>,Madame Psychosis,"(15041, 15057)"
70,<ch><63>,Madame Psychosis,"(15186, 15202)"
71,<ch><63>,Madame Psychosis,"(15725, 15741)"
72,<ch><63>,Madame Psychosis,"(16428, 16444)"
73,<ch><63>,Madame Psychosis,"(16539, 16555)"
74,<ch><63>,Madame Psychosis,"(16701, 16717)"
75,<ch><63>,Madame Psychosis,"(18998, 19014)"
76,<ch><63>,Madame Psychosis,"(19301, 19317)"
77,<ch><63>,Madame Psychosis,"(19602, 19618)"
78,<ch><63>,Madame Psychosis,"(19779, 19795)"
79,<ch><63>,Madame Psychosis,"(20053, 20069)"
80,<ch><63>,Madame Psychosis,"(20173, 20189)"
81,<ch><63>,Madame Psychosis,"(20437, 20453)"
82,<ch><63>,Madame Psychosis,"(20726, 20742)"
83,<ch><63>,Madame Psychosis,"(20806, 20822)"
84,<ch><63>,Madame Psychosis,"(20908, 20924)"
85,<ch><63>,Madame Psychosis,"(21512, 21528)"
86,<ch><63>,Madame Psychosis,"(22157, 22173)"
87,<ch><63>,Madame Psychosis,"(22486, 22502)"
88,<ch><63>,Madame Psychosis,"(22716, 22732)"
89,<ch><63>,Madame Psychosis,"(22919, 22935)"
90,<ch><63>,Madame Psychosis,"(23086, 23102)"
91,<ch><63>,Madame Psychosis,"(23937, 23953)"
92,<ch><63>,Madame Psychosis,"(24401, 24417)"
93,<ch><63>,Madame Psychosis,"(25671, 25687)"
94,<ch><63>,Madame Psychosis,"(25862, 25878)"
95,<ch><63>,Madame Psychosis,"(26107, 26123)"
96,<ch><63>,Madame Psychosis,"(26444, 26460)"
97,<ch><63>,Madame Psychosis,"(27624, 27640)"
98,<ch><63>,Madame Psychosis,"(27956, 27972)"
99,<ch><63>,Madame Psychosis,"(28345, 28361)"
100,<ch><63>,Madame Psychosis,"(28486, 28502)"
101,<ch><63>,Madame Psychosis,"(28890, 28906)"
102,<ch><63>,Madame Psychosis,"(120977, 120993)"
103,<ch><65>,Madame Psychosis,"(11727, 11743)"
104,<ch><25>,Madame,"(3993, 3999)"
105,<ch><26>,Madame,"(1426, 1432)"
106,<ch><26>,Madame,"(2915, 2921)"
107,<ch><26>,Madame,"(4534, 4540)"
108,<ch><26>,Madame,"(5224, 5230)"
109,<ch><26>,Madame,"(5357, 5363)"
110,<ch><26>,Madame,"(6607, 6613)"
111,<ch><26>,Madame,"(6685, 6691)"
112,<ch><26>,Madame,"(7072, 7078)"
113,<ch><26>,Madame,"(7791, 7797)"
114,<ch><26>,Madame,"(8534, 8540)"
115,<ch><26>,Madame,"(9436, 9442)"
116,<ch><26>,Madame,"(10617, 10623)"
117,<ch><26>,Madame,"(11692, 11698)"
118,<ch><26>,Madame,"(12911, 12917)"
119,<ch><26>,Madame,"(13572, 13578)"
120,<ch><26>,Madame,"(14267, 14273)"
121,<ch><26>,Madame,"(17536, 17542)"
122,<ch><26>,Madame,"(18638, 18644)"
123,<ch><26>,Madame,"(19401, 19407)"
124,<ch><26>,Madame,"(19575, 19581)"
125,<ch><26>,Madame,"(25522, 25528)"
126,<ch><26>,Madame,"(28825, 28831)"
127,<ch><26>,Madame,"(28991, 28997)"
128,<ch><26>,Madame,"(29218, 29224)"
129,<ch><26>,Madame,"(29483, 29489)"
130,<ch><26>,Madame,"(30331, 30337)"
131,<ch><26>,Madame,"(31222, 31228)"
132,<ch><26>,Madame,"(34619, 34625)"
133,<ch><26>,Madame,"(34884, 34890)"
134,<ch><27>,Madame,"(7553, 7559)"
135,<ch><27>,Madame,"(49159, 49165)"
136,<ch><28>,Madame,"(18626, 18632)"
137,<ch><30>,Madame,"(125410, 125416)"
138,<ch><40>,Madame,"(1204, 1210)"
139,<ch><40>,Madame,"(1688, 1694)"
140,<ch><40>,Madame,"(2283, 2289)"
141,<ch><46>,Madame,"(30678, 30684)"
142,<ch><49>,Madame,"(102573, 102579)"
143,<ch><49>,Madame,"(104814, 104820)"
144,<ch><49>,Madame,"(109230, 109236)"
145,<ch><49>,Madame,"(109563, 109569)"
146,<ch><49>,Madame,"(110690, 110696)"
147,<ch><49>,Madame,"(111005, 111011)"
148,<ch><49>,Madame,"(113156, 113162)"
149,<ch><49>,Madame,"(188097, 188103)"
150,<ch><49>,Madame,"(188318, 188324)"
151,<ch><49>,Madame,"(189309, 189315)"
152,<ch><50>,Madame,"(14176, 14182)"
153,<ch><50>,Madame,"(14429, 14435)"
154,<ch><50>,Madame,"(14545, 14551)"
155,<ch><50>,Madame,"(15720, 15726)"
156,<ch><50>,Madame,"(16310, 16316)"
157,<ch><50>,Madame,"(17315, 17321)"
158,<ch><50>,Madame,"(17395, 17401)"
159,<ch><50>,Madame,"(17452, 17458)"
160,<ch><63>,Madame,"(6537, 6543)"
161,<ch><63>,Madame,"(7299, 7305)"
162,<ch><63>,Madame,"(7699, 7705)"
163,<ch><63>,Madame,"(7750, 7756)"
164,<ch><63>,Madame,"(7986, 7992)"
165,<ch><63>,Madame,"(9087, 9093)"
166,<ch><63>,Madame,"(9974, 9980)"
167,<ch><63>,Madame,"(10215, 10221)"
168,<ch><63>,Madame,"(10359, 10365)"
169,<ch><63>,Madame,"(10586, 10592)"
170,<ch><63>,Madame,"(10749, 10755)"
171,<ch><63>,Madame,"(10882, 10888)"
172,<ch><63>,Madame,"(12852, 12858)"
173,<ch><63>,Madame,"(12900, 12906)"
174,<ch><63>,Madame,"(13104, 13110)"
175,<ch><63>,Madame,"(13149, 13155)"
176,<ch><63>,Madame,"(13479, 13485)"
177,<ch><63>,Madame,"(13963, 13969)"
178,<ch><63>,Madame,"(14424, 14430)"
179,<ch><63>,Madame,"(14704, 14710)"
180,<ch><63>,Madame,"(15041, 15047)"
181,<ch><63>,Madame,"(15186, 15192)"
182,<ch><63>,Madame,"(15725, 15731)"
183,<ch><63>,Madame,"(16428, 16434)"
184,<ch><63>,Madame,"(16539, 16545)"
185,<ch><63>,Madame,"(16701, 16707)"
186,<ch><63>,Madame,"(17794, 17800)"
187,<ch><63>,Madame,"(18998, 19004)"
188,<ch><63>,Madame,"(19301, 19307)"
189,<ch><63>,Madame,"(19602, 19608)"
190,<ch><63>,Madame,"(19779, 19785)"
191,<ch><63>,Madame,"(20053, 20059)"
192,<ch><63>,Madame,"(20173, 20179)"
193,<ch><63>,Madame,"(20437, 20443)"
194,<ch><63>,Madame,"(20726, 20732)"
195,<ch><63>,Madame,"(20806, 20812)"
196,<ch><63>,Madame,"(20908, 20914)"
197,<ch><63>,Madame,"(21512, 21518)"
198,<ch><63>,Madame,"(22157, 22163)"
199,<ch><63>,Madame,"(22486, 22492)"
200,<ch><63>,Madame,"(22716, 22722)"
201,<ch><63>,Madame,"(22919, 22925)"
202,<ch><63>,Madame,"(23086, 23092)"
203,<ch><63>,Madame,"(23937, 23943)"
204,<ch><63>,Madame,"(24401, 24407)"
205,<ch><63>,Madame,"(25671, 25677)"
206,<ch><63>,Madame,"(25862, 25868)"
207,<ch><63>,Madame,"(26107, 26113)"
208,<ch><63>,Madame,"(26444, 26450)"
209,<ch><63>,Madame,"(27624, 27630)"
210,<ch><63>,Madame,"(27956, 27962)"
211,<ch><63>,Madame,"(28345, 28351)"
212,<ch><63>,Madame,"(28486, 28492)"
213,<ch><63>,Madame,"(28890, 28896)"
214,<ch><63>,Madame,"(120977, 120983)"
215,<ch><65>,Madame,"(11727, 11733)"
216,<ch><63>,Lucille Duquette,"(27995, 28011)"
217,<ch><61>,Pokie,"(40435, 40440)"
218,<ch><61>,Pokie,"(40689, 40694)"
219,<ch><61>,Pokie,"(46693, 46698)"
220,<ch><05>,Mario,"(653, 658)"
221,<ch><05>,Mario,"(702, 707)"
222,<ch><05>,Mario,"(949, 954)"
223,<ch><05>,Mario,"(1473, 1478)"
224,<ch><05>,Mario,"(1902, 1907)"
225,<ch><05>,Mario,"(1951, 1956)"
226,<ch><08>,Mario,"(71, 76)"
227,<ch><08>,Mario,"(722, 727)"
228,<ch><08>,Mario,"(1513, 1518)"
229,<ch><08>,Mario,"(2270, 2275)"
230,<ch><08>,Mario,"(2605, 2610)"
231,<ch><08>,Mario,"(4901, 4906)"
232,<ch><10>,Mario,"(2438, 2443)"
233,<ch><10>,Mario,"(6206, 6211)"
234,<ch><10>,Mario,"(16941, 16946)"
235,<ch><15>,Mario,"(33127, 33132)"
236,<ch><15>,Mario,"(33371, 33376)"
237,<ch><15>,Mario,"(33808, 33813)"
238,<ch><15>,Mario,"(34058, 34063)"
239,<ch><15>,Mario,"(34128, 34133)"
240,<ch><15>,Mario,"(34388, 34393)"
241,<ch><15>,Mario,"(34414, 34419)"
242,<ch><15>,Mario,"(35585, 35590)"
243,<ch><15>,Mario,"(37413, 37418)"
244,<ch><15>,Mario,"(37803, 37808)"
245,<ch><15>,Mario,"(41154, 41159)"
246,<ch><15>,Mario,"(41362, 41367)"
247,<ch><15>,Mario,"(41987, 41992)"
248,<ch><15>,Mario,"(42547, 42552)"
249,<ch><15>,Mario,"(43791, 43796)"
250,<ch><15>,Mario,"(43958, 43963)"
251,<ch><15>,Mario,"(44256, 44261)"
252,<ch><15>,Mario,"(44459, 44464)"
253,<ch><15>,Mario,"(44597, 44602)"
254,<ch><15>,Mario,"(45330, 45335)"
255,<ch><15>,Mario,"(46331, 46336)"
256,<ch><15>,Mario,"(46709, 46714)"
257,<ch><15>,Mario,"(47004, 47009)"
258,<ch><15>,Mario,"(47263, 47268)"
259,<ch><15>,Mario,"(47315, 47320)"
260,<ch><15>,Mario,"(47585, 47590)"
261,<ch><15>,Mario,"(47894, 47899)"
262,<ch><15>,Mario,"(48425, 48430)"
263,<ch><18>,Mario,"(17015, 17020)"
264,<ch><19>,Mario,"(32472, 32477)"
265,<ch><20>,Mario,"(120, 125)"
266,<ch><20>,Mario,"(274, 279)"
267,<ch><20>,Mario,"(366, 371)"
268,<ch><20>,Mario,"(744, 749)"
269,<ch><20>,Mario,"(1411, 1416)"
270,<ch><20>,Mario,"(2193, 2198)"
271,<ch><20>,Mario,"(2845, 2850)"
272,<ch><20>,Mario,"(3060, 3065)"
273,<ch><20>,Mario,"(3684, 3689)"
274,<ch><20>,Mario,"(4424, 4429)"
275,<ch><20>,Mario,"(4612, 4617)"
276,<ch><20>,Mario,"(4953, 4958)"
277,<ch><20>,Mario,"(5246, 5251)"
278,<ch><20>,Mario,"(5396, 5401)"
279,<ch><20>,Mario,"(5786, 5791)"
280,<ch><20>,Mario,"(5936, 5941)"
281,<ch><20>,Mario,"(6070, 6075)"
282,<ch><20>,Mario,"(6271, 6276)"
283,<ch><20>,Mario,"(7133, 7138)"
284,<ch><20>,Mario,"(8253, 8258)"
285,<ch><20>,Mario,"(8410, 8415)"
286,<ch><20>,Mario,"(9922, 9927)"
287,<ch><20>,Mario,"(10208, 10213)"
288,<ch><20>,Mario,"(10434, 10439)"
289,<ch><20>,Mario,"(10509, 10514)"
290,<ch><20>,Mario,"(11348, 11353)"
291,<ch><20>,Mario,"(11498, 11503)"
292,<ch><20>,Mario,"(12832, 12837)"
293,<ch><20>,Mario,"(12922, 12927)"
294,<ch><20>,Mario,"(13106, 13111)"
295,<ch><20>,Mario,"(13317, 13322)"
296,<ch><20>,Mario,"(13513, 13518)"
297,<ch><20>,Mario,"(13594, 13599)"
298,<ch><20>,Mario,"(13774, 13779)"
299,<ch><20>,Mario,"(14026, 14031)"
300,<ch><20>,Mario,"(14115, 14120)"
301,<ch><20>,Mario,"(14228, 14233)"
302,<ch><20>,Mario,"(14580, 14585)"
303,<ch><20>,Mario,"(14904, 14909)"
304,<ch><23>,Mario,"(69526, 69531)"
305,<ch><23>,Mario,"(69858, 69863)"
306,<ch><23>,Mario,"(69952, 69957)"
307,<ch><23>,Mario,"(70189, 70194)"
308,<ch><23>,Mario,"(71811, 71816)"
309,<ch><23>,Mario,"(72960, 72965)"
310,<ch><23>,Mario,"(73263, 73268)"
311,<ch><23>,Mario,"(73313, 73318)"
312,<ch><23>,Mario,"(75113, 75118)"
313,<ch><23>,Mario,"(76472, 76477)"
314,<ch><23>,Mario,"(76665, 76670)"
315,<ch><23>,Mario,"(76856, 76861)"
316,<ch><23>,Mario,"(76924, 76929)"
317,<ch><23>,Mario,"(77342, 77347)"
318,<ch><23>,Mario,"(77418, 77423)"
319,<ch><23>,Mario,"(79094, 79099)"
320,<ch><23>,Mario,"(79214, 79219)"
321,<ch><23>,Mario,"(79285, 79290)"
322,<ch><23>,Mario,"(79547, 79552)"
323,<ch><23>,Mario,"(79655, 79660)"
324,<ch><25>,Mario,"(839, 844)"
325,<ch><25>,Mario,"(4162, 4167)"
326,<ch><25>,Mario,"(5416, 5421)"
327,<ch><25>,Mario,"(5519, 5524)"
328,<ch><26>,Mario,"(8109, 8114)"
329,<ch><26>,Mario,"(22714, 22719)"
330,<ch><26>,Mario,"(23820, 23825)"
331,<ch><26>,Mario,"(24258, 24263)"
332,<ch><26>,Mario,"(24874, 24879)"
333,<ch><26>,Mario,"(26130, 26135)"
334,<ch><26>,Mario,"(28154, 28159)"
335,<ch><26>,Mario,"(28306, 28311)"
336,<ch><26>,Mario,"(28571, 28576)"
337,<ch><26>,Mario,"(28717, 28722)"
338,<ch><26>,Mario,"(28778, 28783)"
339,<ch><26>,Mario,"(28934, 28939)"
340,<ch><26>,Mario,"(29261, 29266)"
341,<ch><26>,Mario,"(29760, 29765)"
342,<ch><26>,Mario,"(30252, 30257)"
343,<ch><26>,Mario,"(30706, 30711)"
344,<ch><26>,Mario,"(31061, 31066)"
345,<ch><26>,Mario,"(31281, 31286)"
346,<ch><26>,Mario,"(31771, 31776)"
347,<ch><26>,Mario,"(33313, 33318)"
348,<ch><26>,Mario,"(35997, 36002)"
349,<ch><26>,Mario,"(36132, 36137)"
350,<ch><26>,Mario,"(36461, 36466)"
351,<ch><26>,Mario,"(36794, 36799)"
352,<ch><26>,Mario,"(36896, 36901)"
353,<ch><26>,Mario,"(37160, 37165)"
354,<ch><27>,Mario,"(45998, 46003)"
355,<ch><27>,Mario,"(52536, 52541)"
356,<ch><27>,Mario,"(53655, 53660)"
357,<ch><27>,Mario,"(54872, 54877)"
358,<ch><27>,Mario,"(60435, 60440)"
359,<ch><27>,Mario,"(60999, 61004)"
360,<ch><29>,Mario,"(6199, 6204)"
361,<ch><29>,Mario,"(13784, 13789)"
362,<ch><29>,Mario,"(14769, 14774)"
363,<ch><29>,Mario,"(17219, 17224)"
364,<ch><29>,Mario,"(17687, 17692)"
365,<ch><29>,Mario,"(17741, 17746)"
366,<ch><30>,Mario,"(16003, 16008)"
367,<ch><30>,Mario,"(20173, 20178)"
368,<ch><30>,Mario,"(20481, 20486)"
369,<ch><30>,Mario,"(20875, 20880)"
370,<ch><30>,Mario,"(21251, 21256)"
371,<ch><30>,Mario,"(27756, 27761)"
372,<ch><30>,Mario,"(71752, 71757)"
373,<ch><30>,Mario,"(71823, 71828)"
374,<ch><30>,Mario,"(74770, 74775)"
375,<ch><30>,Mario,"(84894, 84899)"
376,<ch><30>,Mario,"(85227, 85232)"
377,<ch><30>,Mario,"(119553, 119558)"
378,<ch><32>,Mario,"(19076, 19081)"
379,<ch><32>,Mario,"(19592, 19597)"
380,<ch><32>,Mario,"(20027, 20032)"
381,<ch><32>,Mario,"(20323, 20328)"
382,<ch><32>,Mario,"(21270, 21275)"
383,<ch><32>,Mario,"(21352, 21357)"
384,<ch><32>,Mario,"(21602, 21607)"
385,<ch><32>,Mario,"(21937, 21942)"
386,<ch><32>,Mario,"(22688, 22693)"
387,<ch><32>,Mario,"(23059, 23064)"
388,<ch><32>,Mario,"(23254, 23259)"
389,<ch><32>,Mario,"(23589, 23594)"
390,<ch><32>,Mario,"(24682, 24687)"
391,<ch><32>,Mario,"(24808, 24813)"
392,<ch><32>,Mario,"(25099, 25104)"
393,<ch><32>,Mario,"(26353, 26358)"
394,<ch><32>,Mario,"(26939, 26944)"
395,<ch><32>,Mario,"(27309, 27314)"
396,<ch><32>,Mario,"(27545, 27550)"
397,<ch><32>,Mario,"(27634, 27639)"
398,<ch><32>,Mario,"(27813, 27818)"
399,<ch><32>,Mario,"(27986, 27991)"
400,<ch><32>,Mario,"(28688, 28693)"
401,<ch><32>,Mario,"(28839, 28844)"
402,<ch><32>,Mario,"(29249, 29254)"
403,<ch><32>,Mario,"(29696, 29701)"
404,<ch><32>,Mario,"(29947, 29952)"
405,<ch><32>,Mario,"(30316, 30321)"
406,<ch><32>,Mario,"(30585, 30590)"
407,<ch><32>,Mario,"(30702, 30707)"
408,<ch><32>,Mario,"(30742, 30747)"
409,<ch><32>,Mario,"(30982, 30987)"
410,<ch><32>,Mario,"(31257, 31262)"
411,<ch><32>,Mario,"(31407, 31412)"
412,<ch><32>,Mario,"(31739, 31744)"
413,<ch><32>,Mario,"(32110, 32115)"
414,<ch><32>,Mario,"(32360, 32365)"
415,<ch><32>,Mario,"(32831, 32836)"
416,<ch><32>,Mario,"(33144, 33149)"
417,<ch><32>,Mario,"(33278, 33283)"
418,<ch><34>,Mario,"(28531, 28536)"
419,<ch><36>,Mario,"(2081, 2086)"
420,<ch><36>,Mario,"(12484, 12489)"
421,<ch><36>,Mario,"(12598, 12603)"
422,<ch><36>,Mario,"(13271, 13276)"
423,<ch><36>,Mario,"(13493, 13498)"
424,<ch><37>,Mario,"(84, 89)"
425,<ch><37>,Mario,"(304, 309)"
426,<ch><37>,Mario,"(1939, 1944)"
427,<ch><37>,Mario,"(2258, 2263)"
428,<ch><37>,Mario,"(2462, 2467)"
429,<ch><37>,Mario,"(2804, 2809)"
430,<ch><37>,Mario,"(3026, 3031)"
431,<ch><37>,Mario,"(3265, 3270)"
432,<ch><37>,Mario,"(4316, 4321)"
433,<ch><37>,Mario,"(6449, 6454)"
434,<ch><37>,Mario,"(11499, 11504)"
435,<ch><37>,Mario,"(13174, 13179)"
436,<ch><37>,Mario,"(13197, 13202)"
437,<ch><37>,Mario,"(14489, 14494)"
438,<ch><37>,Mario,"(16657, 16662)"
439,<ch><37>,Mario,"(22452, 22457)"
440,<ch><37>,Mario,"(30962, 30967)"
441,<ch><37>,Mario,"(32442, 32447)"
442,<ch><37>,Mario,"(32496, 32501)"
443,<ch><37>,Mario,"(32817, 32822)"
444,<ch><37>,Mario,"(33336, 33341)"
445,<ch><37>,Mario,"(45615, 45620)"
446,<ch><37>,Mario,"(52753, 52758)"
447,<ch><37>,Mario,"(53042, 53047)"
448,<ch><37>,Mario,"(56818, 56823)"
449,<ch><37>,Mario,"(83088, 83093)"
450,<ch><37>,Mario,"(83589, 83594)"
451,<ch><37>,Mario,"(84862, 84867)"
452,<ch><37>,Mario,"(85959, 85964)"
453,<ch><37>,Mario,"(87420, 87425)"
454,<ch><38>,Mario,"(34793, 34798)"
455,<ch><38>,Mario,"(35667, 35672)"
456,<ch><38>,Mario,"(38462, 38467)"
457,<ch><38>,Mario,"(38806, 38811)"
458,<ch><38>,Mario,"(39540, 39545)"
459,<ch><38>,Mario,"(39978, 39983)"
460,<ch><38>,Mario,"(40600, 40605)"
461,<ch><38>,Mario,"(42111, 42116)"
462,<ch><38>,Mario,"(43107, 43112)"
463,<ch><38>,Mario,"(43215, 43220)"
464,<ch><38>,Mario,"(43324, 43329)"
465,<ch><38>,Mario,"(43573, 43578)"
466,<ch><38>,Mario,"(44100, 44105)"
467,<ch><38>,Mario,"(56176, 56181)"
468,<ch><38>,Mario,"(60601, 60606)"
469,<ch><40>,Mario,"(912, 917)"
470,<ch><40>,Mario,"(997, 1002)"
471,<ch><40>,Mario,"(1770, 1775)"
472,<ch><40>,Mario,"(1945, 1950)"
473,<ch><40>,Mario,"(1963, 1968)"
474,<ch><40>,Mario,"(2140, 2145)"
475,<ch><41>,Mario,"(7501, 7506)"
476,<ch><41>,Mario,"(7813, 7818)"
477,<ch><41>,Mario,"(31348, 31353)"
478,<ch><44>,Mario,"(60365, 60370)"
479,<ch><44>,Mario,"(72045, 72050)"
480,<ch><44>,Mario,"(76164, 76169)"
481,<ch><44>,Mario,"(94110, 94115)"
482,<ch><49>,Mario,"(43088, 43093)"
483,<ch><49>,Mario,"(44759, 44764)"
484,<ch><49>,Mario,"(44812, 44817)"
485,<ch><49>,Mario,"(44896, 44901)"
486,<ch><49>,Mario,"(45533, 45538)"
487,<ch><49>,Mario,"(102450, 102455)"
488,<ch><49>,Mario,"(103378, 103383)"
489,<ch><49>,Mario,"(104189, 104194)"
490,<ch><49>,Mario,"(104770, 104775)"
491,<ch><49>,Mario,"(105290, 105295)"
492,<ch><49>,Mario,"(105481, 105486)"
493,<ch><49>,Mario,"(105613, 105618)"
494,<ch><49>,Mario,"(105790, 105795)"
495,<ch><49>,Mario,"(105968, 105973)"
496,<ch><49>,Mario,"(106118, 106123)"
497,<ch><49>,Mario,"(107441, 107446)"
498,<ch><49>,Mario,"(107507, 107512)"
499,<ch><49>,Mario,"(107799, 107804)"
500,<ch><49>,Mario,"(108195, 108200)"
501,<ch><49>,Mario,"(109110, 109115)"
502,<ch><49>,Mario,"(109255, 109260)"
503,<ch><49>,Mario,"(109665, 109670)"
504,<ch><49>,Mario,"(110145, 110150)"
505,<ch><49>,Mario,"(110221, 110226)"
506,<ch><49>,Mario,"(110967, 110972)"
507,<ch><49>,Mario,"(111347, 111352)"
508,<ch><49>,Mario,"(111745, 111750)"
509,<ch><49>,Mario,"(111954, 111959)"
510,<ch><49>,Mario,"(111997, 112002)"
511,<ch><49>,Mario,"(112188, 112193)"
512,<ch><49>,Mario,"(112415, 112420)"
513,<ch><49>,Mario,"(112846, 112851)"
514,<ch><49>,Mario,"(113036, 113041)"
515,<ch><49>,Mario,"(113272, 113277)"
516,<ch><49>,Mario,"(113573, 113578)"
517,<ch><49>,Mario,"(113650, 113655)"
518,<ch><49>,Mario,"(130882, 130887)"
519,<ch><50>,Mario,"(7021, 7026)"
520,<ch><51>,Mario,"(15393, 15398)"
521,<ch><51>,Mario,"(32350, 32355)"
522,<ch><54>,Mario,"(1740, 1745)"
523,<ch><54>,Mario,"(1880, 1885)"
524,<ch><54>,Mario,"(7094, 7099)"
525,<ch><56>,Mario,"(9643, 9648)"
526,<ch><56>,Mario,"(9756, 9761)"
527,<ch><58>,Mario,"(6546, 6551)"
528,<ch><58>,Mario,"(6847, 6852)"
529,<ch><58>,Mario,"(6880, 6885)"
530,<ch><61>,Mario,"(59157, 59162)"
531,<ch><61>,Mario,"(59371, 59376)"
532,<ch><61>,Mario,"(59555, 59560)"
533,<ch><61>,Mario,"(62713, 62718)"
534,<ch><61>,Mario,"(63205, 63210)"
535,<ch><61>,Mario,"(63422, 63427)"
536,<ch><61>,Mario,"(65694, 65699)"
537,<ch><61>,Mario,"(67441, 67446)"
538,<ch><61>,Mario,"(67683, 67688)"
539,<ch><61>,Mario,"(68208, 68213)"
540,<ch><61>,Mario,"(68329, 68334)"
541,<ch><61>,Mario,"(68755, 68760)"
542,<ch><61>,Mario,"(70577, 70582)"
543,<ch><62>,Mario,"(59, 64)"
544,<ch><62>,Mario,"(152, 157)"
545,<ch><62>,Mario,"(799, 804)"
546,<ch><62>,Mario,"(1892, 1897)"
547,<ch><62>,Mario,"(2845, 2850)"
548,<ch><62>,Mario,"(3218, 3223)"
549,<ch><62>,Mario,"(3334, 3339)"
550,<ch><62>,Mario,"(3642, 3647)"
551,<ch><62>,Mario,"(5080, 5085)"
552,<ch><62>,Mario,"(5309, 5314)"
553,<ch><62>,Mario,"(5474, 5479)"
554,<ch><62>,Mario,"(5655, 5660)"
555,<ch><62>,Mario,"(6557, 6562)"
556,<ch><62>,Mario,"(6683, 6688)"
557,<ch><62>,Mario,"(6850, 6855)"
558,<ch><62>,Mario,"(6858, 6863)"
559,<ch><62>,Mario,"(7120, 7125)"
560,<ch><62>,Mario,"(7271, 7276)"
561,<ch><62>,Mario,"(7441, 7446)"
562,<ch><62>,Mario,"(7997, 8002)"
563,<ch><62>,Mario,"(8374, 8379)"
564,<ch><62>,Mario,"(8814, 8819)"
565,<ch><62>,Mario,"(9436, 9441)"
566,<ch><62>,Mario,"(9453, 9458)"
567,<ch><62>,Mario,"(9587, 9592)"
568,<ch><62>,Mario,"(9605, 9610)"
569,<ch><62>,Mario,"(9656, 9661)"
570,<ch><62>,Mario,"(9673, 9678)"
571,<ch><62>,Mario,"(10002, 10007)"
572,<ch><62>,Mario,"(10266, 10271)"
573,<ch><62>,Mario,"(10621, 10626)"
574,<ch><62>,Mario,"(10787, 10792)"
575,<ch><62>,Mario,"(10923, 10928)"
576,<ch><62>,Mario,"(11163, 11168)"
577,<ch><62>,Mario,"(11763, 11768)"
578,<ch><62>,Mario,"(12577, 12582)"
579,<ch><62>,Mario,"(12645, 12650)"
580,<ch><62>,Mario,"(12700, 12705)"
581,<ch><62>,Mario,"(12974, 12979)"
582,<ch><62>,Mario,"(13179, 13184)"
583,<ch><62>,Mario,"(13595, 13600)"
584,<ch><62>,Mario,"(13725, 13730)"
585,<ch><62>,Mario,"(13925, 13930)"
586,<ch><62>,Mario,"(14031, 14036)"
587,<ch><62>,Mario,"(14295, 14300)"
588,<ch><62>,Mario,"(14687, 14692)"
589,<ch><62>,Mario,"(14768, 14773)"
590,<ch><62>,Mario,"(14920, 14925)"
591,<ch><62>,Mario,"(15122, 15127)"
592,<ch><62>,Mario,"(15136, 15141)"
593,<ch><62>,Mario,"(15783, 15788)"
594,<ch><62>,Mario,"(16142, 16147)"
595,<ch><62>,Mario,"(17262, 17267)"
596,<ch><62>,Mario,"(18448, 18453)"
597,<ch><62>,Mario,"(18746, 18751)"
598,<ch><62>,Mario,"(18846, 18851)"
599,<ch><62>,Mario,"(19247, 19252)"
600,<ch><62>,Mario,"(20642, 20647)"
601,<ch><62>,Mario,"(21195, 21200)"
602,<ch><62>,Mario,"(21383, 21388)"
603,<ch><62>,Mario,"(21620, 21625)"
604,<ch><62>,Mario,"(22762, 22767)"
605,<ch><62>,Mario,"(24010, 24015)"
606,<ch><62>,Mario,"(24710, 24715)"
607,<ch><62>,Mario,"(24910, 24915)"
608,<ch><62>,Mario,"(24942, 24947)"
609,<ch><62>,Mario,"(25100, 25105)"
610,<ch><62>,Mario,"(25361, 25366)"
611,<ch><62>,Mario,"(26917, 26922)"
612,<ch><62>,Mario,"(27313, 27318)"
613,<ch><62>,Mario,"(27856, 27861)"
614,<ch><62>,Mario,"(29261, 29266)"
615,<ch><62>,Mario,"(29291, 29296)"
616,<ch><62>,Mario,"(30575, 30580)"
617,<ch><62>,Mario,"(30751, 30756)"
618,<ch><62>,Mario,"(31115, 31120)"
619,<ch><62>,Mario,"(31315, 31320)"
620,<ch><62>,Mario,"(32176, 32181)"
621,<ch><62>,Mario,"(32277, 32282)"
622,<ch><62>,Mario,"(32707, 32712)"
623,<ch><62>,Mario,"(33258, 33263)"
624,<ch><62>,Mario,"(35084, 35089)"
625,<ch><62>,Mario,"(36514, 36519)"
626,<ch><62>,Mario,"(36623, 36628)"
627,<ch><62>,Mario,"(38041, 38046)"
628,<ch><62>,Mario,"(38685, 38690)"
629,<ch><62>,Mario,"(70855, 70860)"
630,<ch><62>,Mario,"(74127, 74132)"
631,<ch><62>,Mario,"(74746, 74751)"
632,<ch><65>,Mario,"(197, 202)"
633,<ch><65>,Mario,"(437, 442)"
634,<ch><65>,Mario,"(910, 915)"
635,<ch><65>,Mario,"(2152, 2157)"
636,<ch><65>,Mario,"(3602, 3607)"
637,<ch><65>,Mario,"(7477, 7482)"
638,<ch><65>,Mario,"(8244, 8249)"
639,<ch><65>,Mario,"(8891, 8896)"
640,<ch><65>,Mario,"(44852, 44857)"
641,<ch><65>,Mario,"(57806, 57811)"
642,<ch><65>,Mario,"(57873, 57878)"
643,<ch><65>,Mario,"(127562, 127567)"
644,<ch><65>,Mario,"(129956, 129961)"
645,<ch><65>,Mario,"(136931, 136936)"
646,<ch><65>,Mario,"(138954, 138959)"
647,<ch><65>,Mario,"(143672, 143677)"
648,<ch><65>,Mario,"(143718, 143723)"
649,<ch><65>,Mario,"(144080, 144085)"
650,<ch><65>,Mario,"(144174, 144179)"
651,<ch><65>,Mario,"(144522, 144527)"
652,<ch><65>,Mario,"(161440, 161445)"
653,<ch><65>,Mario,"(168266, 168271)"
654,<ch><65>,Mario,"(261802, 261807)"
655,<ch><65>,Mario,"(261857, 261862)"
656,<ch><65>,Mario,"(262112, 262117)"
657,<ch><65>,Mario,"(262529, 262534)"
658,<ch><65>,Mario,"(262895, 262900)"
659,<ch><65>,Mario,"(263412, 263417)"
660,<ch><65>,Mario,"(264002, 264007)"
661,<ch><65>,Mario,"(264078, 264083)"
662,<ch><65>,Mario,"(264335, 264340)"
663,<ch><65>,Mario,"(264755, 264760)"
664,<ch><65>,Mario,"(265111, 265116)"
665,<ch><65>,Mario,"(265519, 265524)"
666,<ch><65>,Mario,"(266323, 266328)"
667,<ch><65>,Mario,"(266407, 266412)"
668,<ch><65>,Mario,"(266749, 266754)"
669,<ch><65>,Mario,"(266927, 266932)"
670,<ch><65>,Mario,"(268138, 268143)"
671,<ch><65>,Mario,"(268379, 268384)"
672,<ch><65>,Mario,"(268739, 268744)"
673,<ch><65>,Mario,"(269134, 269139)"
674,<ch><65>,Mario,"(270691, 270696)"
675,<ch><65>,Mario,"(271860, 271865)"
676,<ch><65>,Mario,"(277685, 277690)"
677,<ch><65>,Mario,"(286736, 286741)"
678,<ch><65>,Mario,"(286987, 286992)"
679,<ch><65>,Mario,"(287318, 287323)"
680,<ch><65>,Mario,"(288622, 288627)"
681,<ch><65>,Mario,"(289921, 289926)"
682,<ch><65>,Mario,"(291854, 291859)"
683,<ch><65>,Mario,"(294000, 294005)"
684,<ch><65>,Mario,"(295218, 295223)"
685,<ch><65>,Mario,"(296982, 296987)"
686,<ch><65>,Mario,"(297154, 297159)"
687,<ch><65>,Mario,"(298060, 298065)"
688,<ch><65>,Mario,"(298439, 298444)"
689,<ch><65>,Mario,"(299514, 299519)"
690,<ch><65>,Mario,"(299893, 299898)"
691,<ch><65>,Mario,"(307488, 307493)"
692,<ch><65>,Mario,"(308948, 308953)"
693,<ch><65>,Mario,"(309134, 309139)"
694,<ch><65>,Mario,"(309953, 309958)"
695,<ch><66>,Mario,"(21136, 21141)"
696,<ch><66>,Mario,"(21398, 21403)"
697,<ch><66>,Mario,"(21598, 21603)"
698,<ch><66>,Mario,"(21919, 21924)"
699,<ch><08>,Booboo,"(98, 104)"
700,<ch><08>,Booboo,"(966, 972)"
701,<ch><08>,Booboo,"(2052, 2058)"
702,<ch><08>,Booboo,"(4145, 4151)"
703,<ch><08>,Booboo,"(4478, 4484)"
704,<ch><08>,Booboo,"(4530, 4536)"
705,<ch><29>,Booboo,"(13828, 13834)"
706,<ch><32>,Booboo,"(31018, 31024)"
707,<ch><32>,Booboo,"(32526, 32532)"
708,<ch><44>,Booboo,"(78976, 78982)"
709,<ch><49>,Booboo,"(112458, 112464)"
710,<ch><62>,Booboo,"(38020, 38026)"
711,<ch><62>,Booboo,"(38256, 38262)"
712,<ch><62>,Booboo,"(39012, 39018)"
713,<ch><62>,Booboo,"(40479, 40485)"
714,<ch><62>,Booboo,"(45704, 45710)"
715,<ch><62>,Booboo,"(73514, 73520)"
716,<ch><62>,Booboo,"(78008, 78014)"
717,<ch><62>,Booboo,"(78080, 78086)"
718,<ch><65>,Booboo,"(139325, 139331)"
719,<ch><02>,Hal,"(3986, 3989)"
720,<ch><02>,Hal,"(4582, 4585)"
721,<ch><02>,Hal,"(5037, 5040)"
722,<ch><02>,Hal,"(5727, 5730)"
723,<ch><02>,Hal,"(5958, 5961)"
724,<ch><02>,Hal,"(7282, 7285)"
725,<ch><02>,Hal,"(7329, 7332)"
726,<ch><02>,Hal,"(7406, 7409)"
727,<ch><02>,Hal,"(9450, 9453)"
728,<ch><02>,Hal,"(12026, 12029)"
729,<ch><02>,Hal,"(12666, 12669)"
730,<ch><02>,Hal,"(12929, 12932)"
731,<ch><02>,Hal,"(13945, 13948)"
732,<ch><02>,Hal,"(14733, 14736)"
733,<ch><02>,Hal,"(20117, 20120)"
734,<ch><02>,Hal,"(31415, 31418)"
735,<ch><02>,Hal,"(32888, 32891)"
736,<ch><02>,Hal,"(33383, 33386)"
737,<ch><02>,Hal,"(33388, 33391)"
738,<ch><02>,Hal,"(33524, 33527)"
739,<ch><02>,Hal,"(33638, 33641)"
740,<ch><04>,Hal,"(512, 515)"
741,<ch><04>,Hal,"(812, 815)"
742,<ch><04>,Hal,"(1323, 1326)"
743,<ch><04>,Hal,"(2642, 2645)"
744,<ch><04>,Hal,"(5985, 5988)"
745,<ch><05>,Hal,"(537, 540)"
746,<ch><05>,Hal,"(779, 782)"
747,<ch><05>,Hal,"(1059, 1062)"
748,<ch><05>,Hal,"(1307, 1310)"
749,<ch><05>,Hal,"(1536, 1539)"
750,<ch><05>,Hal,"(1665, 1668)"
751,<ch><05>,Hal,"(1732, 1735)"
752,<ch><05>,Hal,"(1896, 1899)"
753,<ch><05>,Hal,"(2093, 2096)"
754,<ch><08>,Hal,"(41, 44)"
755,<ch><08>,Hal,"(60, 63)"
756,<ch><08>,Hal,"(687, 690)"
757,<ch><08>,Hal,"(704, 707)"
758,<ch><08>,Hal,"(2449, 2452)"
759,<ch><08>,Hal,"(2466, 2469)"
760,<ch><08>,Hal,"(2862, 2865)"
761,<ch><08>,Hal,"(2947, 2950)"
762,<ch><08>,Hal,"(3174, 3177)"
763,<ch><08>,Hal,"(3725, 3728)"
764,<ch><08>,Hal,"(4240, 4243)"
765,<ch><08>,Hal,"(4460, 4463)"
766,<ch><08>,Hal,"(4910, 4913)"
767,<ch><09>,Hal,"(324, 327)"
768,<ch><09>,Hal,"(14771, 14774)"
769,<ch><09>,Hal,"(18971, 18974)"
770,<ch><10>,Hal,"(46, 49)"
771,<ch><10>,Hal,"(351, 354)"
772,<ch><10>,Hal,"(428, 431)"
773,<ch><10>,Hal,"(899, 902)"
774,<ch><10>,Hal,"(2041, 2044)"
775,<ch><10>,Hal,"(2246, 2249)"
776,<ch><10>,Hal,"(2424, 2427)"
777,<ch><10>,Hal,"(2694, 2697)"
778,<ch><10>,Hal,"(2914, 2917)"
779,<ch><10>,Hal,"(3041, 3044)"
780,<ch><10>,Hal,"(3108, 3111)"
781,<ch><10>,Hal,"(3230, 3233)"
782,<ch><10>,Hal,"(3523, 3526)"
783,<ch><10>,Hal,"(3666, 3669)"
784,<ch><10>,Hal,"(4501, 4504)"
785,<ch><10>,Hal,"(4823, 4826)"
786,<ch><10>,Hal,"(5212, 5215)"
787,<ch><10>,Hal,"(5652, 5655)"
788,<ch><10>,Hal,"(5731, 5734)"
789,<ch><10>,Hal,"(6192, 6195)"
790,<ch><10>,Hal,"(9966, 9969)"
791,<ch><10>,Hal,"(10738, 10741)"
792,<ch><10>,Hal,"(10999, 11002)"
793,<ch><10>,Hal,"(12553, 12556)"
794,<ch><10>,Hal,"(14888, 14891)"
795,<ch><10>,Hal,"(15541, 15544)"
796,<ch><10>,Hal,"(15811, 15814)"
797,<ch><10>,Hal,"(15872, 15875)"
798,<ch><11>,Hal,"(4055, 4058)"
799,<ch><11>,Hal,"(7067, 7070)"
800,<ch><15>,Hal,"(1404, 1407)"
801,<ch><15>,Hal,"(43991, 43994)"
802,<ch><18>,Hal,"(733, 736)"
803,<ch><18>,Hal,"(1213, 1216)"
804,<ch><18>,Hal,"(1833, 1836)"
805,<ch><18>,Hal,"(1843, 1846)"
806,<ch><18>,Hal,"(4338, 4341)"
807,<ch><18>,Hal,"(4433, 4436)"
808,<ch><18>,Hal,"(4444, 4447)"
809,<ch><18>,Hal,"(4456, 4459)"
810,<ch><18>,Hal,"(4468, 4471)"
811,<ch><18>,Hal,"(4690, 4693)"
812,<ch><18>,Hal,"(5039, 5042)"
813,<ch><18>,Hal,"(5245, 5248)"
814,<ch><18>,Hal,"(7316, 7319)"
815,<ch><18>,Hal,"(7744, 7747)"
816,<ch><18>,Hal,"(7842, 7845)"
817,<ch><18>,Hal,"(8720, 8723)"
818,<ch><18>,Hal,"(10520, 10523)"
819,<ch><18>,Hal,"(12310, 12313)"
820,<ch><18>,Hal,"(14706, 14709)"
821,<ch><18>,Hal,"(15023, 15026)"
822,<ch><18>,Hal,"(15381, 15384)"
823,<ch><18>,Hal,"(15564, 15567)"
824,<ch><18>,Hal,"(15990, 15993)"
825,<ch><18>,Hal,"(16278, 16281)"
826,<ch><18>,Hal,"(16548, 16551)"
827,<ch><18>,Hal,"(16666, 16669)"
828,<ch><18>,Hal,"(16989, 16992)"
829,<ch><18>,Hal,"(17146, 17149)"
830,<ch><18>,Hal,"(18139, 18142)"
831,<ch><18>,Hal,"(20451, 20454)"
832,<ch><18>,Hal,"(23431, 23434)"
833,<ch><18>,Hal,"(23868, 23871)"
834,<ch><18>,Hal,"(24113, 24116)"
835,<ch><18>,Hal,"(24317, 24320)"
836,<ch><18>,Hal,"(24400, 24403)"
837,<ch><18>,Hal,"(25416, 25419)"
838,<ch><18>,Hal,"(25551, 25554)"
839,<ch><18>,Hal,"(25558, 25561)"
840,<ch><18>,Hal,"(26252, 26255)"
841,<ch><18>,Hal,"(26351, 26354)"
842,<ch><19>,Hal,"(68, 71)"
843,<ch><19>,Hal,"(2033, 2036)"
844,<ch><19>,Hal,"(4580, 4583)"
845,<ch><19>,Hal,"(5009, 5012)"
846,<ch><19>,Hal,"(5805, 5808)"
847,<ch><19>,Hal,"(6932, 6935)"
848,<ch><19>,Hal,"(7312, 7315)"
849,<ch><19>,Hal,"(7514, 7517)"
850,<ch><19>,Hal,"(9306, 9309)"
851,<ch><19>,Hal,"(9587, 9590)"
852,<ch><19>,Hal,"(10484, 10487)"
853,<ch><19>,Hal,"(10758, 10761)"
854,<ch><19>,Hal,"(11729, 11732)"
855,<ch><19>,Hal,"(12072, 12075)"
856,<ch><19>,Hal,"(12452, 12455)"
857,<ch><19>,Hal,"(13906, 13909)"
858,<ch><19>,Hal,"(14120, 14123)"
859,<ch><19>,Hal,"(14180, 14183)"
860,<ch><19>,Hal,"(14473, 14476)"
861,<ch><19>,Hal,"(14485, 14488)"
862,<ch><19>,Hal,"(14584, 14587)"
863,<ch><19>,Hal,"(14763, 14766)"
864,<ch><19>,Hal,"(15100, 15103)"
865,<ch><19>,Hal,"(32622, 32625)"
866,<ch><20>,Hal,"(104, 107)"
867,<ch><20>,Hal,"(251, 254)"
868,<ch><20>,Hal,"(297, 300)"
869,<ch><20>,Hal,"(460, 463)"
870,<ch><20>,Hal,"(6163, 6166)"
871,<ch><20>,Hal,"(6174, 6177)"
872,<ch><20>,Hal,"(13981, 13984)"
873,<ch><20>,Hal,"(14745, 14748)"
874,<ch><23>,Hal,"(24992, 24995)"
875,<ch><23>,Hal,"(25532, 25535)"
876,<ch><23>,Hal,"(25541, 25544)"
877,<ch><23>,Hal,"(25908, 25911)"
878,<ch><23>,Hal,"(26859, 26862)"
879,<ch><23>,Hal,"(27103, 27106)"
880,<ch><23>,Hal,"(27624, 27627)"
881,<ch><23>,Hal,"(28760, 28763)"
882,<ch><23>,Hal,"(28866, 28869)"
883,<ch><23>,Hal,"(28959, 28962)"
884,<ch><23>,Hal,"(70480, 70483)"
885,<ch><23>,Hal,"(71791, 71794)"
886,<ch><23>,Hal,"(71879, 71882)"
887,<ch><23>,Hal,"(75604, 75607)"
888,<ch><23>,Hal,"(77440, 77443)"
889,<ch><23>,Hal,"(77537, 77540)"
890,<ch><23>,Hal,"(77851, 77854)"
891,<ch><23>,Hal,"(78501, 78504)"
892,<ch><23>,Hal,"(78755, 78758)"
893,<ch><23>,Hal,"(78959, 78962)"
894,<ch><23>,Hal,"(79003, 79006)"
895,<ch><23>,Hal,"(79296, 79299)"
896,<ch><25>,Hal,"(5230, 5233)"
897,<ch><25>,Hal,"(5454, 5457)"
898,<ch><25>,Hal,"(6089, 6092)"
899,<ch><25>,Hal,"(6337, 6340)"
900,<ch><26>,Hal,"(23600, 23603)"
901,<ch><26>,Hal,"(24837, 24840)"
902,<ch><26>,Hal,"(28396, 28399)"
903,<ch><26>,Hal,"(28429, 28432)"
904,<ch><26>,Hal,"(28563, 28566)"
905,<ch><26>,Hal,"(28622, 28625)"
906,<ch><26>,Hal,"(29360, 29363)"
907,<ch><26>,Hal,"(31071, 31074)"
908,<ch><26>,Hal,"(31455, 31458)"
909,<ch><26>,Hal,"(31763, 31766)"
910,<ch><26>,Hal,"(32565, 32568)"
911,<ch><26>,Hal,"(32613, 32616)"
912,<ch><26>,Hal,"(33142, 33145)"
913,<ch><26>,Hal,"(33975, 33978)"
914,<ch><26>,Hal,"(35856, 35859)"
915,<ch><26>,Hal,"(36094, 36097)"
916,<ch><26>,Hal,"(36504, 36507)"
917,<ch><26>,Hal,"(36599, 36602)"
918,<ch><26>,Hal,"(36691, 36694)"
919,<ch><26>,Hal,"(36840, 36843)"
920,<ch><26>,Hal,"(36959, 36962)"
921,<ch><27>,Hal,"(504, 507)"
922,<ch><27>,Hal,"(956, 959)"
923,<ch><27>,Hal,"(38582, 38585)"
924,<ch><27>,Hal,"(38723, 38726)"
925,<ch><27>,Hal,"(39138, 39141)"
926,<ch><27>,Hal,"(39368, 39371)"
927,<ch><27>,Hal,"(41330, 41333)"
928,<ch><27>,Hal,"(41840, 41843)"
929,<ch><27>,Hal,"(42182, 42185)"
930,<ch><27>,Hal,"(42669, 42672)"
931,<ch><27>,Hal,"(42698, 42701)"
932,<ch><27>,Hal,"(43969, 43972)"
933,<ch><27>,Hal,"(44277, 44280)"
934,<ch><27>,Hal,"(44943, 44946)"
935,<ch><27>,Hal,"(45990, 45993)"
936,<ch><27>,Hal,"(46039, 46042)"
937,<ch><27>,Hal,"(46785, 46788)"
938,<ch><27>,Hal,"(48175, 48178)"
939,<ch><27>,Hal,"(48557, 48560)"
940,<ch><27>,Hal,"(48911, 48914)"
941,<ch><27>,Hal,"(51624, 51627)"
942,<ch><27>,Hal,"(51920, 51923)"
943,<ch><27>,Hal,"(52124, 52127)"
944,<ch><27>,Hal,"(52159, 52162)"
945,<ch><27>,Hal,"(52489, 52492)"
946,<ch><27>,Hal,"(53521, 53524)"
947,<ch><27>,Hal,"(53805, 53808)"
948,<ch><27>,Hal,"(54049, 54052)"
949,<ch><27>,Hal,"(54692, 54695)"
950,<ch><27>,Hal,"(55424, 55427)"
951,<ch><27>,Hal,"(56001, 56004)"
952,<ch><27>,Hal,"(56480, 56483)"
953,<ch><27>,Hal,"(58202, 58205)"
954,<ch><27>,Hal,"(58655, 58658)"
955,<ch><27>,Hal,"(58869, 58872)"
956,<ch><27>,Hal,"(58965, 58968)"
957,<ch><27>,Hal,"(59200, 59203)"
958,<ch><27>,Hal,"(59659, 59662)"
959,<ch><29>,Hal,"(129, 132)"
960,<ch><29>,Hal,"(3062, 3065)"
961,<ch><29>,Hal,"(3933, 3936)"
962,<ch><29>,Hal,"(5024, 5027)"
963,<ch><29>,Hal,"(5229, 5232)"
964,<ch><29>,Hal,"(9269, 9272)"
965,<ch><29>,Hal,"(9776, 9779)"
966,<ch><29>,Hal,"(10325, 10328)"
967,<ch><29>,Hal,"(10479, 10482)"
968,<ch><29>,Hal,"(10553, 10556)"
969,<ch><29>,Hal,"(13538, 13541)"
970,<ch><29>,Hal,"(13876, 13879)"
971,<ch><29>,Hal,"(18251, 18254)"
972,<ch><29>,Hal,"(22568, 22571)"
973,<ch><29>,Hal,"(27324, 27327)"
974,<ch><29>,Hal,"(28198, 28201)"
975,<ch><29>,Hal,"(36411, 36414)"
976,<ch><29>,Hal,"(37098, 37101)"
977,<ch><29>,Hal,"(40344, 40347)"
978,<ch><30>,Hal,"(4555, 4558)"
979,<ch><30>,Hal,"(5184, 5187)"
980,<ch><30>,Hal,"(5280, 5283)"
981,<ch><30>,Hal,"(5557, 5560)"
982,<ch><30>,Hal,"(6062, 6065)"
983,<ch><30>,Hal,"(6336, 6339)"
984,<ch><30>,Hal,"(6416, 6419)"
985,<ch><30>,Hal,"(9317, 9320)"
986,<ch><30>,Hal,"(17206, 17209)"
987,<ch><30>,Hal,"(17332, 17335)"
988,<ch><30>,Hal,"(17411, 17414)"
989,<ch><30>,Hal,"(17503, 17506)"
990,<ch><30>,Hal,"(23706, 23709)"
991,<ch><30>,Hal,"(34181, 34184)"
992,<ch><30>,Hal,"(34599, 34602)"
993,<ch><30>,Hal,"(34717, 34720)"
994,<ch><30>,Hal,"(35110, 35113)"
995,<ch><30>,Hal,"(35617, 35620)"
996,<ch><30>,Hal,"(35844, 35847)"
997,<ch><30>,Hal,"(35967, 35970)"
998,<ch><30>,Hal,"(36113, 36116)"
999,<ch><30>,Hal,"(36235, 36238)"
1000,<ch><30>,Hal,"(69066, 69069)"
1001,<ch><30>,Hal,"(70353, 70356)"
1002,<ch><30>,Hal,"(71344, 71347)"
1003,<ch><30>,Hal,"(74681, 74684)"
1004,<ch><30>,Hal,"(74753, 74756)"
1005,<ch><30>,Hal,"(81289, 81292)"
1006,<ch><30>,Hal,"(81354, 81357)"
1007,<ch><30>,Hal,"(84886, 84889)"
1008,<ch><30>,Hal,"(106888, 106891)"
1009,<ch><30>,Hal,"(108902, 108905)"
1010,<ch><31>,Hal,"(2124, 2127)"
1011,<ch><32>,Hal,"(7933, 7936)"
1012,<ch><32>,Hal,"(9354, 9357)"
1013,<ch><32>,Hal,"(9533, 9536)"
1014,<ch><32>,Hal,"(10112, 10115)"
1015,<ch><32>,Hal,"(10383, 10386)"
1016,<ch><32>,Hal,"(11354, 11357)"
1017,<ch><32>,Hal,"(12528, 12531)"
1018,<ch><32>,Hal,"(12822, 12825)"
1019,<ch><32>,Hal,"(13110, 13113)"
1020,<ch><32>,Hal,"(13668, 13671)"
1021,<ch><32>,Hal,"(23234, 23237)"
1022,<ch><32>,Hal,"(24165, 24168)"
1023,<ch><32>,Hal,"(24701, 24704)"
1024,<ch><32>,Hal,"(30681, 30684)"
1025,<ch><32>,Hal,"(30778, 30781)"
1026,<ch><32>,Hal,"(31000, 31003)"
1027,<ch><32>,Hal,"(31095, 31098)"
1028,<ch><32>,Hal,"(31427, 31430)"
1029,<ch><32>,Hal,"(31607, 31610)"
1030,<ch><32>,Hal,"(31713, 31716)"
1031,<ch><32>,Hal,"(32339, 32342)"
1032,<ch><32>,Hal,"(32391, 32394)"
1033,<ch><32>,Hal,"(32452, 32455)"
1034,<ch><32>,Hal,"(32647, 32650)"
1035,<ch><32>,Hal,"(32808, 32811)"
1036,<ch><32>,Hal,"(32889, 32892)"
1037,<ch><32>,Hal,"(32984, 32987)"
1038,<ch><32>,Hal,"(33265, 33268)"
1039,<ch><32>,Hal,"(33315, 33318)"
1040,<ch><34>,Hal,"(1929, 1932)"
1041,<ch><34>,Hal,"(2506, 2509)"
1042,<ch><34>,Hal,"(3542, 3545)"
1043,<ch><34>,Hal,"(14190, 14193)"
1044,<ch><34>,Hal,"(22286, 22289)"
1045,<ch><34>,Hal,"(22834, 22837)"
1046,<ch><34>,Hal,"(23592, 23595)"
1047,<ch><34>,Hal,"(24315, 24318)"
1048,<ch><34>,Hal,"(25714, 25717)"
1049,<ch><34>,Hal,"(27832, 27835)"
1050,<ch><34>,Hal,"(29768, 29771)"
1051,<ch><34>,Hal,"(31112, 31115)"
1052,<ch><34>,Hal,"(31850, 31853)"
1053,<ch><34>,Hal,"(31859, 31862)"
1054,<ch><34>,Hal,"(33650, 33653)"
1055,<ch><34>,Hal,"(37250, 37253)"
1056,<ch><34>,Hal,"(37535, 37538)"
1057,<ch><34>,Hal,"(38447, 38450)"
1058,<ch><34>,Hal,"(40097, 40100)"
1059,<ch><34>,Hal,"(40152, 40155)"
1060,<ch><34>,Hal,"(40279, 40282)"
1061,<ch><34>,Hal,"(40531, 40534)"
1062,<ch><34>,Hal,"(40708, 40711)"
1063,<ch><34>,Hal,"(42695, 42698)"
1064,<ch><34>,Hal,"(42956, 42959)"
1065,<ch><34>,Hal,"(43539, 43542)"
1066,<ch><34>,Hal,"(46945, 46948)"
1067,<ch><34>,Hal,"(48490, 48493)"
1068,<ch><34>,Hal,"(50033, 50036)"
1069,<ch><34>,Hal,"(52150, 52153)"
1070,<ch><34>,Hal,"(53722, 53725)"
1071,<ch><34>,Hal,"(54062, 54065)"
1072,<ch><34>,Hal,"(54231, 54234)"
1073,<ch><34>,Hal,"(54270, 54273)"
1074,<ch><34>,Hal,"(55863, 55866)"
1075,<ch><34>,Hal,"(56355, 56358)"
1076,<ch><34>,Hal,"(57034, 57037)"
1077,<ch><34>,Hal,"(57168, 57171)"
1078,<ch><34>,Hal,"(57249, 57252)"
1079,<ch><34>,Hal,"(60106, 60109)"
1080,<ch><34>,Hal,"(61263, 61266)"
1081,<ch><34>,Hal,"(61300, 61303)"
1082,<ch><34>,Hal,"(61709, 61712)"
1083,<ch><34>,Hal,"(62988, 62991)"
1084,<ch><34>,Hal,"(63704, 63707)"
1085,<ch><34>,Hal,"(63817, 63820)"
1086,<ch><34>,Hal,"(63880, 63883)"
1087,<ch><37>,Hal,"(1854, 1857)"
1088,<ch><37>,Hal,"(44430, 44433)"
1089,<ch><37>,Hal,"(44785, 44788)"
1090,<ch><37>,Hal,"(45174, 45177)"
1091,<ch><37>,Hal,"(45302, 45305)"
1092,<ch><37>,Hal,"(45585, 45588)"
1093,<ch><37>,Hal,"(45887, 45890)"
1094,<ch><37>,Hal,"(48467, 48470)"
1095,<ch><37>,Hal,"(85102, 85105)"
1096,<ch><37>,Hal,"(85377, 85380)"
1097,<ch><37>,Hal,"(86650, 86653)"
1098,<ch><37>,Hal,"(87079, 87082)"
1099,<ch><37>,Hal,"(89412, 89415)"
1100,<ch><37>,Hal,"(90809, 90812)"
1101,<ch><37>,Hal,"(93899, 93902)"
1102,<ch><37>,Hal,"(95929, 95932)"
1103,<ch><37>,Hal,"(96550, 96553)"
1104,<ch><37>,Hal,"(103410, 103413)"
1105,<ch><37>,Hal,"(106827, 106830)"
1106,<ch><38>,Hal,"(19860, 19863)"
1107,<ch><38>,Hal,"(40051, 40054)"
1108,<ch><38>,Hal,"(40060, 40063)"
1109,<ch><38>,Hal,"(43424, 43427)"
1110,<ch><38>,Hal,"(45509, 45512)"
1111,<ch><38>,Hal,"(56673, 56676)"
1112,<ch><40>,Hal,"(28, 31)"
1113,<ch><40>,Hal,"(523, 526)"
1114,<ch><40>,Hal,"(538, 541)"
1115,<ch><40>,Hal,"(1759, 1762)"
1116,<ch><40>,Hal,"(1895, 1898)"
1117,<ch><40>,Hal,"(2470, 2473)"
1118,<ch><41>,Hal,"(4220, 4223)"
1119,<ch><41>,Hal,"(4512, 4515)"
1120,<ch><41>,Hal,"(4731, 4734)"
1121,<ch><41>,Hal,"(6040, 6043)"
1122,<ch><41>,Hal,"(7759, 7762)"
1123,<ch><41>,Hal,"(8620, 8623)"
1124,<ch><41>,Hal,"(9928, 9931)"
1125,<ch><41>,Hal,"(10192, 10195)"
1126,<ch><41>,Hal,"(10432, 10435)"
1127,<ch><41>,Hal,"(10564, 10567)"
1128,<ch><41>,Hal,"(10711, 10714)"
1129,<ch><41>,Hal,"(11006, 11009)"
1130,<ch><41>,Hal,"(11304, 11307)"
1131,<ch><41>,Hal,"(11482, 11485)"
1132,<ch><41>,Hal,"(11555, 11558)"
1133,<ch><41>,Hal,"(11910, 11913)"
1134,<ch><41>,Hal,"(12017, 12020)"
1135,<ch><41>,Hal,"(12169, 12172)"
1136,<ch><41>,Hal,"(15274, 15277)"
1137,<ch><41>,Hal,"(15307, 15310)"
1138,<ch><41>,Hal,"(15931, 15934)"
1139,<ch><41>,Hal,"(19133, 19136)"
1140,<ch><41>,Hal,"(20256, 20259)"
1141,<ch><41>,Hal,"(20418, 20421)"
1142,<ch><41>,Hal,"(20481, 20484)"
1143,<ch><41>,Hal,"(20773, 20776)"
1144,<ch><41>,Hal,"(20955, 20958)"
1145,<ch><41>,Hal,"(21020, 21023)"
1146,<ch><41>,Hal,"(21144, 21147)"
1147,<ch><41>,Hal,"(21165, 21168)"
1148,<ch><41>,Hal,"(22427, 22430)"
1149,<ch><41>,Hal,"(23345, 23348)"
1150,<ch><41>,Hal,"(24355, 24358)"
1151,<ch><41>,Hal,"(31128, 31131)"
1152,<ch><41>,Hal,"(31275, 31278)"
1153,<ch><41>,Hal,"(32630, 32633)"
1154,<ch><44>,Hal,"(50420, 50423)"
1155,<ch><44>,Hal,"(51086, 51089)"
1156,<ch><44>,Hal,"(52107, 52110)"
1157,<ch><44>,Hal,"(52459, 52462)"
1158,<ch><44>,Hal,"(52765, 52768)"
1159,<ch><44>,Hal,"(53988, 53991)"
1160,<ch><44>,Hal,"(55875, 55878)"
1161,<ch><44>,Hal,"(57256, 57259)"
1162,<ch><44>,Hal,"(58045, 58048)"
1163,<ch><44>,Hal,"(58149, 58152)"
1164,<ch><44>,Hal,"(59718, 59721)"
1165,<ch><44>,Hal,"(59771, 59774)"
1166,<ch><44>,Hal,"(60339, 60342)"
1167,<ch><44>,Hal,"(61457, 61460)"
1168,<ch><44>,Hal,"(62268, 62271)"
1169,<ch><44>,Hal,"(62352, 62355)"
1170,<ch><44>,Hal,"(62507, 62510)"
1171,<ch><44>,Hal,"(63724, 63727)"
1172,<ch><44>,Hal,"(64657, 64660)"
1173,<ch><44>,Hal,"(64986, 64989)"
1174,<ch><44>,Hal,"(65499, 65502)"
1175,<ch><44>,Hal,"(66087, 66090)"
1176,<ch><44>,Hal,"(70317, 70320)"
1177,<ch><44>,Hal,"(70461, 70464)"
1178,<ch><44>,Hal,"(70745, 70748)"
1179,<ch><44>,Hal,"(70907, 70910)"
1180,<ch><44>,Hal,"(71425, 71428)"
1181,<ch><44>,Hal,"(71895, 71898)"
1182,<ch><44>,Hal,"(72063, 72066)"
1183,<ch><44>,Hal,"(72170, 72173)"
1184,<ch><44>,Hal,"(72285, 72288)"
1185,<ch><44>,Hal,"(72447, 72450)"
1186,<ch><44>,Hal,"(75668, 75671)"
1187,<ch><44>,Hal,"(75958, 75961)"
1188,<ch><44>,Hal,"(76627, 76630)"
1189,<ch><44>,Hal,"(77652, 77655)"
1190,<ch><44>,Hal,"(77800, 77803)"
1191,<ch><44>,Hal,"(78166, 78169)"
1192,<ch><44>,Hal,"(78420, 78423)"
1193,<ch><44>,Hal,"(79453, 79456)"
1194,<ch><44>,Hal,"(79709, 79712)"
1195,<ch><44>,Hal,"(81097, 81100)"
1196,<ch><44>,Hal,"(82273, 82276)"
1197,<ch><44>,Hal,"(82588, 82591)"
1198,<ch><44>,Hal,"(82675, 82678)"
1199,<ch><44>,Hal,"(84156, 84159)"
1200,<ch><44>,Hal,"(84405, 84408)"
1201,<ch><44>,Hal,"(84788, 84791)"
1202,<ch><44>,Hal,"(85000, 85003)"
1203,<ch><44>,Hal,"(85367, 85370)"
1204,<ch><44>,Hal,"(86102, 86105)"
1205,<ch><44>,Hal,"(86977, 86980)"
1206,<ch><44>,Hal,"(87785, 87788)"
1207,<ch><44>,Hal,"(87885, 87888)"
1208,<ch><44>,Hal,"(87914, 87917)"
1209,<ch><44>,Hal,"(88469, 88472)"
1210,<ch><44>,Hal,"(89651, 89654)"
1211,<ch><44>,Hal,"(89827, 89830)"
1212,<ch><44>,Hal,"(89986, 89989)"
1213,<ch><44>,Hal,"(90123, 90126)"
1214,<ch><44>,Hal,"(90382, 90385)"
1215,<ch><44>,Hal,"(91018, 91021)"
1216,<ch><44>,Hal,"(92100, 92103)"
1217,<ch><44>,Hal,"(93642, 93645)"
1218,<ch><44>,Hal,"(93913, 93916)"
1219,<ch><44>,Hal,"(94271, 94274)"
1220,<ch><44>,Hal,"(94701, 94704)"
1221,<ch><44>,Hal,"(95094, 95097)"
1222,<ch><44>,Hal,"(95418, 95421)"
1223,<ch><44>,Hal,"(95571, 95574)"
1224,<ch><44>,Hal,"(95781, 95784)"
1225,<ch><44>,Hal,"(95990, 95993)"
1226,<ch><44>,Hal,"(96842, 96845)"
1227,<ch><44>,Hal,"(96849, 96852)"
1228,<ch><44>,Hal,"(98249, 98252)"
1229,<ch><44>,Hal,"(98469, 98472)"
1230,<ch><44>,Hal,"(100390, 100393)"
1231,<ch><44>,Hal,"(100997, 101000)"
1232,<ch><44>,Hal,"(101305, 101308)"
1233,<ch><44>,Hal,"(102033, 102036)"
1234,<ch><44>,Hal,"(102810, 102813)"
1235,<ch><44>,Hal,"(104082, 104085)"
1236,<ch><44>,Hal,"(105018, 105021)"
1237,<ch><44>,Hal,"(105084, 105087)"
1238,<ch><44>,Hal,"(105431, 105434)"
1239,<ch><44>,Hal,"(106635, 106638)"
1240,<ch><44>,Hal,"(106717, 106720)"
1241,<ch><44>,Hal,"(107373, 107376)"
1242,<ch><46>,Hal,"(31617, 31620)"
1243,<ch><46>,Hal,"(39905, 39908)"
1244,<ch><46>,Hal,"(42207, 42210)"
1245,<ch><48>,Hal,"(7475, 7478)"
1246,<ch><49>,Hal,"(14914, 14917)"
1247,<ch><49>,Hal,"(16363, 16366)"
1248,<ch><49>,Hal,"(19001, 19004)"
1249,<ch><49>,Hal,"(19159, 19162)"
1250,<ch><49>,Hal,"(19186, 19189)"
1251,<ch><49>,Hal,"(19383, 19386)"
1252,<ch><49>,Hal,"(19769, 19772)"
1253,<ch><49>,Hal,"(27193, 27196)"
1254,<ch><49>,Hal,"(27892, 27895)"
1255,<ch><49>,Hal,"(33333, 33336)"
1256,<ch><49>,Hal,"(57543, 57546)"
1257,<ch><49>,Hal,"(103649, 103652)"
1258,<ch><49>,Hal,"(104669, 104672)"
1259,<ch><49>,Hal,"(104688, 104691)"
1260,<ch><49>,Hal,"(105008, 105011)"
1261,<ch><49>,Hal,"(105066, 105069)"
1262,<ch><49>,Hal,"(105216, 105219)"
1263,<ch><49>,Hal,"(105255, 105258)"
1264,<ch><49>,Hal,"(105493, 105496)"
1265,<ch><49>,Hal,"(110377, 110380)"
1266,<ch><49>,Hal,"(110443, 110446)"
1267,<ch><49>,Hal,"(110511, 110514)"
1268,<ch><49>,Hal,"(112294, 112297)"
1269,<ch><49>,Hal,"(112328, 112331)"
1270,<ch><49>,Hal,"(112443, 112446)"
1271,<ch><49>,Hal,"(112501, 112504)"
1272,<ch><50>,Hal,"(641, 644)"
1273,<ch><50>,Hal,"(7013, 7016)"
1274,<ch><51>,Hal,"(1527, 1530)"
1275,<ch><51>,Hal,"(1595, 1598)"
1276,<ch><51>,Hal,"(3573, 3576)"
1277,<ch><51>,Hal,"(6870, 6873)"
1278,<ch><51>,Hal,"(8164, 8167)"
1279,<ch><51>,Hal,"(8466, 8469)"
1280,<ch><51>,Hal,"(8908, 8911)"
1281,<ch><51>,Hal,"(9070, 9073)"
1282,<ch><51>,Hal,"(10905, 10908)"
1283,<ch><51>,Hal,"(13858, 13861)"
1284,<ch><51>,Hal,"(13903, 13906)"
1285,<ch><51>,Hal,"(18879, 18882)"
1286,<ch><51>,Hal,"(20543, 20546)"
1287,<ch><51>,Hal,"(21352, 21355)"
1288,<ch><51>,Hal,"(22127, 22130)"
1289,<ch><51>,Hal,"(22763, 22766)"
1290,<ch><51>,Hal,"(23325, 23328)"
1291,<ch><51>,Hal,"(23557, 23560)"
1292,<ch><51>,Hal,"(23583, 23586)"
1293,<ch><51>,Hal,"(23688, 23691)"
1294,<ch><51>,Hal,"(23693, 23696)"
1295,<ch><51>,Hal,"(23728, 23731)"
1296,<ch><51>,Hal,"(23735, 23738)"
1297,<ch><51>,Hal,"(23773, 23776)"
1298,<ch><51>,Hal,"(24012, 24015)"
1299,<ch><51>,Hal,"(25320, 25323)"
1300,<ch><51>,Hal,"(25557, 25560)"
1301,<ch><51>,Hal,"(25849, 25852)"
1302,<ch><51>,Hal,"(25942, 25945)"
1303,<ch><51>,Hal,"(28379, 28382)"
1304,<ch><51>,Hal,"(30104, 30107)"
1305,<ch><51>,Hal,"(30231, 30234)"
1306,<ch><51>,Hal,"(31170, 31173)"
1307,<ch><51>,Hal,"(31238, 31241)"
1308,<ch><51>,Hal,"(31330, 31333)"
1309,<ch><51>,Hal,"(31438, 31441)"
1310,<ch><51>,Hal,"(32032, 32035)"
1311,<ch><51>,Hal,"(32088, 32091)"
1312,<ch><51>,Hal,"(32330, 32333)"
1313,<ch><51>,Hal,"(33168, 33171)"
1314,<ch><51>,Hal,"(33356, 33359)"
1315,<ch><54>,Hal,"(255, 258)"
1316,<ch><54>,Hal,"(421, 424)"
1317,<ch><54>,Hal,"(763, 766)"
1318,<ch><54>,Hal,"(2752, 2755)"
1319,<ch><54>,Hal,"(2910, 2913)"
1320,<ch><54>,Hal,"(3128, 3131)"
1321,<ch><54>,Hal,"(3242, 3245)"
1322,<ch><54>,Hal,"(3602, 3605)"
1323,<ch><54>,Hal,"(3855, 3858)"
1324,<ch><54>,Hal,"(3879, 3882)"
1325,<ch><54>,Hal,"(3987, 3990)"
1326,<ch><54>,Hal,"(4536, 4539)"
1327,<ch><54>,Hal,"(4565, 4568)"
1328,<ch><54>,Hal,"(4694, 4697)"
1329,<ch><54>,Hal,"(4900, 4903)"
1330,<ch><54>,Hal,"(4952, 4955)"
1331,<ch><54>,Hal,"(5174, 5177)"
1332,<ch><54>,Hal,"(5298, 5301)"
1333,<ch><54>,Hal,"(5314, 5317)"
1334,<ch><54>,Hal,"(5379, 5382)"
1335,<ch><54>,Hal,"(5951, 5954)"
1336,<ch><54>,Hal,"(6077, 6080)"
1337,<ch><54>,Hal,"(6253, 6256)"
1338,<ch><54>,Hal,"(6454, 6457)"
1339,<ch><54>,Hal,"(7275, 7278)"
1340,<ch><54>,Hal,"(7332, 7335)"
1341,<ch><54>,Hal,"(8448, 8451)"
1342,<ch><54>,Hal,"(8852, 8855)"
1343,<ch><54>,Hal,"(9060, 9063)"
1344,<ch><54>,Hal,"(9297, 9300)"
1345,<ch><54>,Hal,"(12585, 12588)"
1346,<ch><54>,Hal,"(13878, 13881)"
1347,<ch><54>,Hal,"(14004, 14007)"
1348,<ch><54>,Hal,"(14286, 14289)"
1349,<ch><54>,Hal,"(14410, 14413)"
1350,<ch><54>,Hal,"(14562, 14565)"
1351,<ch><54>,Hal,"(14854, 14857)"
1352,<ch><54>,Hal,"(15675, 15678)"
1353,<ch><54>,Hal,"(15774, 15777)"
1354,<ch><54>,Hal,"(16147, 16150)"
1355,<ch><54>,Hal,"(16237, 16240)"
1356,<ch><54>,Hal,"(16597, 16600)"
1357,<ch><54>,Hal,"(16927, 16930)"
1358,<ch><54>,Hal,"(17746, 17749)"
1359,<ch><54>,Hal,"(18381, 18384)"
1360,<ch><54>,Hal,"(18712, 18715)"
1361,<ch><54>,Hal,"(19032, 19035)"
1362,<ch><54>,Hal,"(19819, 19822)"
1363,<ch><54>,Hal,"(20028, 20031)"
1364,<ch><54>,Hal,"(20230, 20233)"
1365,<ch><54>,Hal,"(20652, 20655)"
1366,<ch><54>,Hal,"(20657, 20660)"
1367,<ch><54>,Hal,"(20924, 20927)"
1368,<ch><54>,Hal,"(21261, 21264)"
1369,<ch><54>,Hal,"(21878, 21881)"
1370,<ch><54>,Hal,"(22282, 22285)"
1371,<ch><54>,Hal,"(22483, 22486)"
1372,<ch><54>,Hal,"(23320, 23323)"
1373,<ch><54>,Hal,"(23490, 23493)"
1374,<ch><54>,Hal,"(23678, 23681)"
1375,<ch><54>,Hal,"(23717, 23720)"
1376,<ch><54>,Hal,"(25681, 25684)"
1377,<ch><54>,Hal,"(27033, 27036)"
1378,<ch><54>,Hal,"(29657, 29660)"
1379,<ch><54>,Hal,"(29994, 29997)"
1380,<ch><54>,Hal,"(30180, 30183)"
1381,<ch><54>,Hal,"(30858, 30861)"
1382,<ch><54>,Hal,"(33580, 33583)"
1383,<ch><54>,Hal,"(37903, 37906)"
1384,<ch><54>,Hal,"(41060, 41063)"
1385,<ch><54>,Hal,"(53418, 53421)"
1386,<ch><54>,Hal,"(56006, 56009)"
1387,<ch><54>,Hal,"(56107, 56110)"
1388,<ch><54>,Hal,"(56619, 56622)"
1389,<ch><54>,Hal,"(56968, 56971)"
1390,<ch><54>,Hal,"(64370, 64373)"
1391,<ch><54>,Hal,"(64574, 64577)"
1392,<ch><54>,Hal,"(64683, 64686)"
1393,<ch><54>,Hal,"(64830, 64833)"
1394,<ch><54>,Hal,"(64906, 64909)"
1395,<ch><54>,Hal,"(65045, 65048)"
1396,<ch><54>,Hal,"(65166, 65169)"
1397,<ch><54>,Hal,"(66004, 66007)"
1398,<ch><54>,Hal,"(66453, 66456)"
1399,<ch><54>,Hal,"(67189, 67192)"
1400,<ch><54>,Hal,"(67446, 67449)"
1401,<ch><54>,Hal,"(67642, 67645)"
1402,<ch><54>,Hal,"(67843, 67846)"
1403,<ch><54>,Hal,"(67919, 67922)"
1404,<ch><54>,Hal,"(68025, 68028)"
1405,<ch><54>,Hal,"(68184, 68187)"
1406,<ch><54>,Hal,"(70886, 70889)"
1407,<ch><54>,Hal,"(71003, 71006)"
1408,<ch><54>,Hal,"(71154, 71157)"
1409,<ch><54>,Hal,"(71307, 71310)"
1410,<ch><54>,Hal,"(71666, 71669)"
1411,<ch><54>,Hal,"(71937, 71940)"
1412,<ch><54>,Hal,"(74981, 74984)"
1413,<ch><54>,Hal,"(75390, 75393)"
1414,<ch><54>,Hal,"(75919, 75922)"
1415,<ch><54>,Hal,"(77575, 77578)"
1416,<ch><54>,Hal,"(77656, 77659)"
1417,<ch><54>,Hal,"(77802, 77805)"
1418,<ch><54>,Hal,"(77944, 77947)"
1419,<ch><54>,Hal,"(77967, 77970)"
1420,<ch><54>,Hal,"(78068, 78071)"
1421,<ch><54>,Hal,"(78131, 78134)"
1422,<ch><54>,Hal,"(78245, 78248)"
1423,<ch><54>,Hal,"(79081, 79084)"
1424,<ch><56>,Hal,"(76, 79)"
1425,<ch><56>,Hal,"(866, 869)"
1426,<ch><56>,Hal,"(1385, 1388)"
1427,<ch><56>,Hal,"(1619, 1622)"
1428,<ch><56>,Hal,"(1637, 1640)"
1429,<ch><56>,Hal,"(1946, 1949)"
1430,<ch><56>,Hal,"(2116, 2119)"
1431,<ch><56>,Hal,"(2537, 2540)"
1432,<ch><56>,Hal,"(2960, 2963)"
1433,<ch><56>,Hal,"(3211, 3214)"
1434,<ch><56>,Hal,"(3348, 3351)"
1435,<ch><56>,Hal,"(3449, 3452)"
1436,<ch><56>,Hal,"(3715, 3718)"
1437,<ch><56>,Hal,"(3890, 3893)"
1438,<ch><56>,Hal,"(4040, 4043)"
1439,<ch><56>,Hal,"(7706, 7709)"
1440,<ch><56>,Hal,"(8000, 8003)"
1441,<ch><56>,Hal,"(9802, 9805)"
1442,<ch><56>,Hal,"(10015, 10018)"
1443,<ch><56>,Hal,"(10293, 10296)"
1444,<ch><56>,Hal,"(10611, 10614)"
1445,<ch><57>,Hal,"(10871, 10874)"
1446,<ch><57>,Hal,"(12534, 12537)"
1447,<ch><57>,Hal,"(12753, 12756)"
1448,<ch><57>,Hal,"(13298, 13301)"
1449,<ch><57>,Hal,"(13444, 13447)"
1450,<ch><57>,Hal,"(15303, 15306)"
1451,<ch><57>,Hal,"(15865, 15868)"
1452,<ch><57>,Hal,"(17245, 17248)"
1453,<ch><58>,Hal,"(8077, 8080)"
1454,<ch><58>,Hal,"(8259, 8262)"
1455,<ch><58>,Hal,"(8409, 8412)"
1456,<ch><58>,Hal,"(8469, 8472)"
1457,<ch><58>,Hal,"(8657, 8660)"
1458,<ch><58>,Hal,"(9042, 9045)"
1459,<ch><58>,Hal,"(9343, 9346)"
1460,<ch><58>,Hal,"(9803, 9806)"
1461,<ch><58>,Hal,"(10417, 10420)"
1462,<ch><58>,Hal,"(10587, 10590)"
1463,<ch><58>,Hal,"(10986, 10989)"
1464,<ch><58>,Hal,"(11194, 11197)"
1465,<ch><58>,Hal,"(11493, 11496)"
1466,<ch><58>,Hal,"(12048, 12051)"
1467,<ch><58>,Hal,"(12611, 12614)"
1468,<ch><58>,Hal,"(13219, 13222)"
1469,<ch><58>,Hal,"(13316, 13319)"
1470,<ch><58>,Hal,"(13879, 13882)"
1471,<ch><58>,Hal,"(14429, 14432)"
1472,<ch><58>,Hal,"(15593, 15596)"
1473,<ch><58>,Hal,"(16267, 16270)"
1474,<ch><58>,Hal,"(16987, 16990)"
1475,<ch><58>,Hal,"(21273, 21276)"
1476,<ch><58>,Hal,"(21793, 21796)"
1477,<ch><58>,Hal,"(22515, 22518)"
1478,<ch><58>,Hal,"(43784, 43787)"
1479,<ch><58>,Hal,"(44935, 44938)"
1480,<ch><58>,Hal,"(46005, 46008)"
1481,<ch><58>,Hal,"(46099, 46102)"
1482,<ch><58>,Hal,"(46210, 46213)"
1483,<ch><61>,Hal,"(59041, 59044)"
1484,<ch><61>,Hal,"(59719, 59722)"
1485,<ch><61>,Hal,"(62592, 62595)"
1486,<ch><61>,Hal,"(62838, 62841)"
1487,<ch><61>,Hal,"(63092, 63095)"
1488,<ch><61>,Hal,"(63413, 63416)"
1489,<ch><61>,Hal,"(63664, 63667)"
1490,<ch><61>,Hal,"(65305, 65308)"
1491,<ch><61>,Hal,"(65609, 65612)"
1492,<ch><61>,Hal,"(65740, 65743)"
1493,<ch><61>,Hal,"(66733, 66736)"
1494,<ch><61>,Hal,"(66855, 66858)"
1495,<ch><61>,Hal,"(67606, 67609)"
1496,<ch><61>,Hal,"(67673, 67676)"
1497,<ch><61>,Hal,"(68539, 68542)"
1498,<ch><61>,Hal,"(69240, 69243)"
1499,<ch><61>,Hal,"(69413, 69416)"
1500,<ch><61>,Hal,"(69667, 69670)"
1501,<ch><61>,Hal,"(70274, 70277)"
1502,<ch><61>,Hal,"(70519, 70522)"
1503,<ch><61>,Hal,"(71371, 71374)"
1504,<ch><62>,Hal,"(9040, 9043)"
1505,<ch><62>,Hal,"(9694, 9697)"
1506,<ch><62>,Hal,"(10091, 10094)"
1507,<ch><62>,Hal,"(10335, 10338)"
1508,<ch><62>,Hal,"(10471, 10474)"
1509,<ch><62>,Hal,"(10580, 10583)"
1510,<ch><62>,Hal,"(10797, 10800)"
1511,<ch><62>,Hal,"(11078, 11081)"
1512,<ch><62>,Hal,"(11141, 11144)"
1513,<ch><62>,Hal,"(20277, 20280)"
1514,<ch><62>,Hal,"(20628, 20631)"
1515,<ch><62>,Hal,"(20666, 20669)"
1516,<ch><62>,Hal,"(20928, 20931)"
1517,<ch><62>,Hal,"(21088, 21091)"
1518,<ch><62>,Hal,"(22800, 22803)"
1519,<ch><62>,Hal,"(23282, 23285)"
1520,<ch><62>,Hal,"(25642, 25645)"
1521,<ch><62>,Hal,"(25650, 25653)"
1522,<ch><62>,Hal,"(26485, 26488)"
1523,<ch><62>,Hal,"(30694, 30697)"
1524,<ch><62>,Hal,"(30774, 30777)"
1525,<ch><62>,Hal,"(35164, 35167)"
1526,<ch><62>,Hal,"(38050, 38053)"
1527,<ch><62>,Hal,"(39005, 39008)"
1528,<ch><62>,Hal,"(39312, 39315)"
1529,<ch><62>,Hal,"(39331, 39334)"
1530,<ch><62>,Hal,"(39383, 39386)"
1531,<ch><62>,Hal,"(39418, 39421)"
1532,<ch><62>,Hal,"(40627, 40630)"
1533,<ch><62>,Hal,"(44029, 44032)"
1534,<ch><62>,Hal,"(45271, 45274)"
1535,<ch><62>,Hal,"(45363, 45366)"
1536,<ch><62>,Hal,"(45443, 45446)"
1537,<ch><62>,Hal,"(46041, 46044)"
1538,<ch><62>,Hal,"(70765, 70768)"
1539,<ch><62>,Hal,"(70843, 70846)"
1540,<ch><62>,Hal,"(70889, 70892)"
1541,<ch><62>,Hal,"(71965, 71968)"
1542,<ch><62>,Hal,"(72291, 72294)"
1543,<ch><62>,Hal,"(74909, 74912)"
1544,<ch><62>,Hal,"(75307, 75310)"
1545,<ch><62>,Hal,"(75607, 75610)"
1546,<ch><62>,Hal,"(75715, 75718)"
1547,<ch><62>,Hal,"(77553, 77556)"
1548,<ch><62>,Hal,"(77942, 77945)"
1549,<ch><62>,Hal,"(78034, 78037)"
1550,<ch><62>,Hal,"(78073, 78076)"
1551,<ch><62>,Hal,"(78260, 78263)"
1552,<ch><62>,Hal,"(78373, 78376)"
1553,<ch><63>,Hal,"(29820, 29823)"
1554,<ch><63>,Hal,"(30633, 30636)"
1555,<ch><63>,Hal,"(30975, 30978)"
1556,<ch><63>,Hal,"(31448, 31451)"
1557,<ch><63>,Hal,"(31704, 31707)"
1558,<ch><63>,Hal,"(32398, 32401)"
1559,<ch><63>,Hal,"(33406, 33409)"
1560,<ch><63>,Hal,"(33579, 33582)"
1561,<ch><63>,Hal,"(33989, 33992)"
1562,<ch><63>,Hal,"(34485, 34488)"
1563,<ch><63>,Hal,"(35094, 35097)"
1564,<ch><63>,Hal,"(35626, 35629)"
1565,<ch><63>,Hal,"(35920, 35923)"
1566,<ch><63>,Hal,"(36260, 36263)"
1567,<ch><63>,Hal,"(36777, 36780)"
1568,<ch><63>,Hal,"(36915, 36918)"
1569,<ch><63>,Hal,"(37629, 37632)"
1570,<ch><63>,Hal,"(37684, 37687)"
1571,<ch><63>,Hal,"(38280, 38283)"
1572,<ch><63>,Hal,"(38950, 38953)"
1573,<ch><63>,Hal,"(39047, 39050)"
1574,<ch><63>,Hal,"(39832, 39835)"
1575,<ch><63>,Hal,"(40502, 40505)"
1576,<ch><63>,Hal,"(41591, 41594)"
1577,<ch><63>,Hal,"(41954, 41957)"
1578,<ch><63>,Hal,"(42293, 42296)"
1579,<ch><63>,Hal,"(42343, 42346)"
1580,<ch><63>,Hal,"(42647, 42650)"
1581,<ch><63>,Hal,"(42683, 42686)"
1582,<ch><63>,Hal,"(43420, 43423)"
1583,<ch><63>,Hal,"(43845, 43848)"
1584,<ch><63>,Hal,"(44396, 44399)"
1585,<ch><63>,Hal,"(44603, 44606)"
1586,<ch><63>,Hal,"(44849, 44852)"
1587,<ch><63>,Hal,"(45388, 45391)"
1588,<ch><63>,Hal,"(45714, 45717)"
1589,<ch><63>,Hal,"(47435, 47438)"
1590,<ch><63>,Hal,"(48008, 48011)"
1591,<ch><63>,Hal,"(48439, 48442)"
1592,<ch><63>,Hal,"(49512, 49515)"
1593,<ch><63>,Hal,"(51022, 51025)"
1594,<ch><63>,Hal,"(51305, 51308)"
1595,<ch><63>,Hal,"(51693, 51696)"
1596,<ch><63>,Hal,"(51712, 51715)"
1597,<ch><63>,Hal,"(52495, 52498)"
1598,<ch><63>,Hal,"(52631, 52634)"
1599,<ch><63>,Hal,"(52855, 52858)"
1600,<ch><63>,Hal,"(53467, 53470)"
1601,<ch><63>,Hal,"(53618, 53621)"
1602,<ch><63>,Hal,"(54727, 54730)"
1603,<ch><63>,Hal,"(55149, 55152)"
1604,<ch><63>,Hal,"(55381, 55384)"
1605,<ch><63>,Hal,"(56159, 56162)"
1606,<ch><63>,Hal,"(56396, 56399)"
1607,<ch><63>,Hal,"(56729, 56732)"
1608,<ch><63>,Hal,"(57000, 57003)"
1609,<ch><63>,Hal,"(57868, 57871)"
1610,<ch><63>,Hal,"(58422, 58425)"
1611,<ch><63>,Hal,"(58955, 58958)"
1612,<ch><63>,Hal,"(59174, 59177)"
1613,<ch><63>,Hal,"(59191, 59194)"
1614,<ch><63>,Hal,"(59544, 59547)"
1615,<ch><63>,Hal,"(59871, 59874)"
1616,<ch><63>,Hal,"(59914, 59917)"
1617,<ch><63>,Hal,"(59985, 59988)"
1618,<ch><63>,Hal,"(60215, 60218)"
1619,<ch><63>,Hal,"(61411, 61414)"
1620,<ch><63>,Hal,"(61739, 61742)"
1621,<ch><63>,Hal,"(62093, 62096)"
1622,<ch><63>,Hal,"(62548, 62551)"
1623,<ch><63>,Hal,"(62726, 62729)"
1624,<ch><63>,Hal,"(63279, 63282)"
1625,<ch><63>,Hal,"(64010, 64013)"
1626,<ch><63>,Hal,"(64340, 64343)"
1627,<ch><63>,Hal,"(64923, 64926)"
1628,<ch><63>,Hal,"(66026, 66029)"
1629,<ch><63>,Hal,"(66248, 66251)"
1630,<ch><63>,Hal,"(66410, 66413)"
1631,<ch><63>,Hal,"(66799, 66802)"
1632,<ch><63>,Hal,"(67416, 67419)"
1633,<ch><63>,Hal,"(67780, 67783)"
1634,<ch><63>,Hal,"(67926, 67929)"
1635,<ch><63>,Hal,"(75987, 75990)"
1636,<ch><64>,Hal,"(7247, 7250)"
1637,<ch><65>,Hal,"(9159, 9162)"
1638,<ch><65>,Hal,"(9399, 9402)"
1639,<ch><65>,Hal,"(42934, 42937)"
1640,<ch><65>,Hal,"(53508, 53511)"
1641,<ch><65>,Hal,"(56283, 56286)"
1642,<ch><65>,Hal,"(62278, 62281)"
1643,<ch><65>,Hal,"(63857, 63860)"
1644,<ch><65>,Hal,"(69906, 69909)"
1645,<ch><65>,Hal,"(71065, 71068)"
1646,<ch><65>,Hal,"(163216, 163219)"
1647,<ch><65>,Hal,"(165994, 165997)"
1648,<ch><65>,Hal,"(264476, 264479)"
1649,<ch><65>,Hal,"(268728, 268731)"
1650,<ch><66>,Hal,"(5129, 5132)"
1651,<ch><66>,Hal,"(5184, 5187)"
1652,<ch><66>,Hal,"(5248, 5251)"
1653,<ch><66>,Hal,"(5789, 5792)"
1654,<ch><66>,Hal,"(5951, 5954)"
1655,<ch><66>,Hal,"(6502, 6505)"
1656,<ch><66>,Hal,"(7002, 7005)"
1657,<ch><66>,Hal,"(7025, 7028)"
1658,<ch><66>,Hal,"(8027, 8030)"
1659,<ch><66>,Hal,"(8373, 8376)"
1660,<ch><09>,Hallie,"(18971, 18977)"
1661,<ch><23>,Hallie,"(25532, 25538)"
1662,<ch><23>,Hallie,"(27624, 27630)"
1663,<ch><23>,Hallie,"(28760, 28766)"
1664,<ch><29>,Hallie,"(3933, 3939)"
1665,<ch><29>,Hallie,"(5024, 5030)"
1666,<ch><29>,Hallie,"(5229, 5235)"
1667,<ch><29>,Hallie,"(9269, 9275)"
1668,<ch><29>,Hallie,"(9776, 9782)"
1669,<ch><29>,Hallie,"(10553, 10559)"
1670,<ch><29>,Hallie,"(13876, 13882)"
1671,<ch><29>,Hallie,"(22568, 22574)"
1672,<ch><29>,Hallie,"(27324, 27330)"
1673,<ch><29>,Hallie,"(28198, 28204)"
1674,<ch><29>,Hallie,"(36411, 36417)"
1675,<ch><29>,Hallie,"(37098, 37104)"
1676,<ch><32>,Hallie,"(24701, 24707)"
1677,<ch><49>,Hallie,"(33333, 33339)"
1678,<ch><02>,Orin,"(21019, 21023)"
1679,<ch><02>,Orin,"(21278, 21282)"
1680,<ch><02>,Orin,"(22167, 22171)"
1681,<ch><02>,Orin,"(24149, 24153)"
1682,<ch><02>,Orin,"(24694, 24698)"
1683,<ch><02>,Orin,"(34017, 34021)"
1684,<ch><05>,Orin,"(1654, 1658)"
1685,<ch><09>,Orin,"(53, 57)"
1686,<ch><09>,Orin,"(349, 353)"
1687,<ch><09>,Orin,"(575, 579)"
1688,<ch><09>,Orin,"(986, 990)"
1689,<ch><09>,Orin,"(1944, 1948)"
1690,<ch><09>,Orin,"(2680, 2684)"
1691,<ch><09>,Orin,"(2985, 2989)"
1692,<ch><09>,Orin,"(3850, 3854)"
1693,<ch><09>,Orin,"(4105, 4109)"
1694,<ch><09>,Orin,"(5123, 5127)"
1695,<ch><09>,Orin,"(5449, 5453)"
1696,<ch><09>,Orin,"(5752, 5756)"
1697,<ch><09>,Orin,"(6413, 6417)"
1698,<ch><09>,Orin,"(7084, 7088)"
1699,<ch><09>,Orin,"(7440, 7444)"
1700,<ch><09>,Orin,"(8212, 8216)"
1701,<ch><09>,Orin,"(8290, 8294)"
1702,<ch><09>,Orin,"(9357, 9361)"
1703,<ch><09>,Orin,"(9579, 9583)"
1704,<ch><09>,Orin,"(9621, 9625)"
1705,<ch><09>,Orin,"(10794, 10798)"
1706,<ch><09>,Orin,"(11372, 11376)"
1707,<ch><09>,Orin,"(11533, 11537)"
1708,<ch><09>,Orin,"(12008, 12012)"
1709,<ch><09>,Orin,"(12362, 12366)"
1710,<ch><09>,Orin,"(12577, 12581)"
1711,<ch><09>,Orin,"(12656, 12660)"
1712,<ch><09>,Orin,"(12833, 12837)"
1713,<ch><09>,Orin,"(16151, 16155)"
1714,<ch><09>,Orin,"(16268, 16272)"
1715,<ch><09>,Orin,"(18177, 18181)"
1716,<ch><09>,Orin,"(19027, 19031)"
1717,<ch><10>,Orin,"(2936, 2940)"
1718,<ch><13>,Orin,"(307, 311)"
1719,<ch><13>,Orin,"(4280, 4284)"
1720,<ch><14>,Orin,"(76, 80)"
1721,<ch><14>,Orin,"(800, 804)"
1722,<ch><14>,Orin,"(1074, 1078)"
1723,<ch><14>,Orin,"(1344, 1348)"
1724,<ch><14>,Orin,"(1610, 1614)"
1725,<ch><14>,Orin,"(2098, 2102)"
1726,<ch><14>,Orin,"(2999, 3003)"
1727,<ch><18>,Orin,"(16687, 16691)"
1728,<ch><18>,Orin,"(16834, 16838)"
1729,<ch><19>,Orin,"(4498, 4502)"
1730,<ch><19>,Orin,"(26423, 26427)"
1731,<ch><23>,Orin,"(25130, 25134)"
1732,<ch><23>,Orin,"(25340, 25344)"
1733,<ch><23>,Orin,"(25947, 25951)"
1734,<ch><23>,Orin,"(25971, 25975)"
1735,<ch><23>,Orin,"(26071, 26075)"
1736,<ch><23>,Orin,"(26914, 26918)"
1737,<ch><23>,Orin,"(26981, 26985)"
1738,<ch><23>,Orin,"(79279, 79283)"
1739,<ch><26>,Orin,"(31052, 31056)"
1740,<ch><28>,Orin,"(4866, 4870)"
1741,<ch><28>,Orin,"(12449, 12453)"
1742,<ch><28>,Orin,"(16939, 16943)"
1743,<ch><28>,Orin,"(23674, 23678)"
1744,<ch><28>,Orin,"(24597, 24601)"
1745,<ch><28>,Orin,"(28604, 28608)"
1746,<ch><28>,Orin,"(29406, 29410)"
1747,<ch><28>,Orin,"(29573, 29577)"
1748,<ch><28>,Orin,"(30238, 30242)"
1749,<ch><28>,Orin,"(45985, 45989)"
1750,<ch><28>,Orin,"(57032, 57036)"
1751,<ch><29>,Orin,"(510, 514)"
1752,<ch><29>,Orin,"(11451, 11455)"
1753,<ch><29>,Orin,"(14965, 14969)"
1754,<ch><30>,Orin,"(74702, 74706)"
1755,<ch><30>,Orin,"(74981, 74985)"
1756,<ch><30>,Orin,"(75865, 75869)"
1757,<ch><30>,Orin,"(76178, 76182)"
1758,<ch><30>,Orin,"(76343, 76347)"
1759,<ch><30>,Orin,"(76443, 76447)"
1760,<ch><30>,Orin,"(76566, 76570)"
1761,<ch><30>,Orin,"(77162, 77166)"
1762,<ch><30>,Orin,"(77293, 77297)"
1763,<ch><30>,Orin,"(77892, 77896)"
1764,<ch><30>,Orin,"(78379, 78383)"
1765,<ch><30>,Orin,"(78592, 78596)"
1766,<ch><30>,Orin,"(79054, 79058)"
1767,<ch><30>,Orin,"(79428, 79432)"
1768,<ch><30>,Orin,"(79776, 79780)"
1769,<ch><30>,Orin,"(80031, 80035)"
1770,<ch><30>,Orin,"(80095, 80099)"
1771,<ch><30>,Orin,"(80443, 80447)"
1772,<ch><30>,Orin,"(80487, 80491)"
1773,<ch><30>,Orin,"(80538, 80542)"
1774,<ch><30>,Orin,"(80667, 80671)"
1775,<ch><30>,Orin,"(81081, 81085)"
1776,<ch><30>,Orin,"(81130, 81134)"
1777,<ch><30>,Orin,"(81254, 81258)"
1778,<ch><30>,Orin,"(81457, 81461)"
1779,<ch><30>,Orin,"(81623, 81627)"
1780,<ch><30>,Orin,"(82591, 82595)"
1781,<ch><30>,Orin,"(83086, 83090)"
1782,<ch><30>,Orin,"(83428, 83432)"
1783,<ch><30>,Orin,"(83457, 83461)"
1784,<ch><30>,Orin,"(83659, 83663)"
1785,<ch><30>,Orin,"(83776, 83780)"
1786,<ch><30>,Orin,"(84327, 84331)"
1787,<ch><30>,Orin,"(84586, 84590)"
1788,<ch><30>,Orin,"(85001, 85005)"
1789,<ch><30>,Orin,"(85058, 85062)"
1790,<ch><30>,Orin,"(85600, 85604)"
1791,<ch><30>,Orin,"(85801, 85805)"
1792,<ch><30>,Orin,"(91907, 91911)"
1793,<ch><30>,Orin,"(92018, 92022)"
1794,<ch><30>,Orin,"(92180, 92184)"
1795,<ch><30>,Orin,"(92598, 92602)"
1796,<ch><30>,Orin,"(92661, 92665)"
1797,<ch><30>,Orin,"(92855, 92859)"
1798,<ch><30>,Orin,"(93481, 93485)"
1799,<ch><30>,Orin,"(93958, 93962)"
1800,<ch><30>,Orin,"(94830, 94834)"
1801,<ch><30>,Orin,"(95183, 95187)"
1802,<ch><30>,Orin,"(95368, 95372)"
1803,<ch><30>,Orin,"(95420, 95424)"
1804,<ch><30>,Orin,"(95974, 95978)"
1805,<ch><30>,Orin,"(96099, 96103)"
1806,<ch><30>,Orin,"(96875, 96879)"
1807,<ch><30>,Orin,"(97844, 97848)"
1808,<ch><30>,Orin,"(98807, 98811)"
1809,<ch><30>,Orin,"(98833, 98837)"
1810,<ch><30>,Orin,"(99028, 99032)"
1811,<ch><30>,Orin,"(99225, 99229)"
1812,<ch><30>,Orin,"(99290, 99294)"
1813,<ch><30>,Orin,"(99852, 99856)"
1814,<ch><30>,Orin,"(100088, 100092)"
1815,<ch><30>,Orin,"(100299, 100303)"
1816,<ch><30>,Orin,"(100723, 100727)"
1817,<ch><30>,Orin,"(100796, 100800)"
1818,<ch><30>,Orin,"(101617, 101621)"
1819,<ch><30>,Orin,"(102626, 102630)"
1820,<ch><30>,Orin,"(103015, 103019)"
1821,<ch><30>,Orin,"(103147, 103151)"
1822,<ch><30>,Orin,"(103415, 103419)"
1823,<ch><30>,Orin,"(103562, 103566)"
1824,<ch><30>,Orin,"(103915, 103919)"
1825,<ch><30>,Orin,"(104266, 104270)"
1826,<ch><30>,Orin,"(104363, 104367)"
1827,<ch><30>,Orin,"(105317, 105321)"
1828,<ch><30>,Orin,"(106015, 106019)"
1829,<ch><30>,Orin,"(107239, 107243)"
1830,<ch><30>,Orin,"(107487, 107491)"
1831,<ch><30>,Orin,"(107881, 107885)"
1832,<ch><30>,Orin,"(107919, 107923)"
1833,<ch><30>,Orin,"(108221, 108225)"
1834,<ch><30>,Orin,"(108584, 108588)"
1835,<ch><30>,Orin,"(108860, 108864)"
1836,<ch><30>,Orin,"(108912, 108916)"
1837,<ch><30>,Orin,"(109293, 109297)"
1838,<ch><30>,Orin,"(109364, 109368)"
1839,<ch><30>,Orin,"(109463, 109467)"
1840,<ch><30>,Orin,"(109823, 109827)"
1841,<ch><30>,Orin,"(109910, 109914)"
1842,<ch><30>,Orin,"(110412, 110416)"
1843,<ch><30>,Orin,"(111057, 111061)"
1844,<ch><30>,Orin,"(112237, 112241)"
1845,<ch><30>,Orin,"(113130, 113134)"
1846,<ch><30>,Orin,"(113678, 113682)"
1847,<ch><30>,Orin,"(114652, 114656)"
1848,<ch><30>,Orin,"(115490, 115494)"
1849,<ch><30>,Orin,"(115905, 115909)"
1850,<ch><30>,Orin,"(116382, 116386)"
1851,<ch><30>,Orin,"(116575, 116579)"
1852,<ch><30>,Orin,"(116847, 116851)"
1853,<ch><30>,Orin,"(116901, 116905)"
1854,<ch><30>,Orin,"(118057, 118061)"
1855,<ch><30>,Orin,"(118740, 118744)"
1856,<ch><30>,Orin,"(118854, 118858)"
1857,<ch><30>,Orin,"(118910, 118914)"
1858,<ch><30>,Orin,"(119565, 119569)"
1859,<ch><30>,Orin,"(119872, 119876)"
1860,<ch><30>,Orin,"(120091, 120095)"
1861,<ch><30>,Orin,"(120575, 120579)"
1862,<ch><30>,Orin,"(121299, 121303)"
1863,<ch><30>,Orin,"(121930, 121934)"
1864,<ch><30>,Orin,"(122623, 122627)"
1865,<ch><30>,Orin,"(123097, 123101)"
1866,<ch><30>,Orin,"(123432, 123436)"
1867,<ch><30>,Orin,"(123616, 123620)"
1868,<ch><30>,Orin,"(124185, 124189)"
1869,<ch><30>,Orin,"(124705, 124709)"
1870,<ch><30>,Orin,"(125112, 125116)"
1871,<ch><30>,Orin,"(125688, 125692)"
1872,<ch><30>,Orin,"(125870, 125874)"
1873,<ch><30>,Orin,"(125986, 125990)"
1874,<ch><30>,Orin,"(126279, 126283)"
1875,<ch><30>,Orin,"(126759, 126763)"
1876,<ch><32>,Orin,"(10167, 10171)"
1877,<ch><32>,Orin,"(10402, 10406)"
1878,<ch><32>,Orin,"(10524, 10528)"
1879,<ch><32>,Orin,"(21292, 21296)"
1880,<ch><32>,Orin,"(21881, 21885)"
1881,<ch><32>,Orin,"(22370, 22374)"
1882,<ch><32>,Orin,"(24718, 24722)"
1883,<ch><32>,Orin,"(28527, 28531)"
1884,<ch><37>,Orin,"(19520, 19524)"
1885,<ch><37>,Orin,"(83340, 83344)"
1886,<ch><38>,Orin,"(57520, 57524)"
1887,<ch><44>,Orin,"(58920, 58924)"
1888,<ch><44>,Orin,"(71752, 71756)"
1889,<ch><44>,Orin,"(76494, 76498)"
1890,<ch><44>,Orin,"(89714, 89718)"
1891,<ch><44>,Orin,"(93633, 93637)"
1892,<ch><44>,Orin,"(93904, 93908)"
1893,<ch><44>,Orin,"(94400, 94404)"
1894,<ch><49>,Orin,"(32359, 32363)"
1895,<ch><49>,Orin,"(32635, 32639)"
1896,<ch><49>,Orin,"(34525, 34529)"
1897,<ch><49>,Orin,"(36612, 36616)"
1898,<ch><49>,Orin,"(56594, 56598)"
1899,<ch><49>,Orin,"(56841, 56845)"
1900,<ch><49>,Orin,"(103197, 103201)"
1901,<ch><49>,Orin,"(103404, 103408)"
1902,<ch><49>,Orin,"(124565, 124569)"
1903,<ch><49>,Orin,"(125679, 125683)"
1904,<ch><49>,Orin,"(125752, 125756)"
1905,<ch><49>,Orin,"(126123, 126127)"
1906,<ch><49>,Orin,"(126507, 126511)"
1907,<ch><49>,Orin,"(127618, 127622)"
1908,<ch><49>,Orin,"(127968, 127972)"
1909,<ch><49>,Orin,"(128439, 128443)"
1910,<ch><49>,Orin,"(128529, 128533)"
1911,<ch><49>,Orin,"(128862, 128866)"
1912,<ch><49>,Orin,"(129305, 129309)"
1913,<ch><49>,Orin,"(129800, 129804)"
1914,<ch><49>,Orin,"(130329, 130333)"
1915,<ch><49>,Orin,"(130524, 130528)"
1916,<ch><49>,Orin,"(130727, 130731)"
1917,<ch><49>,Orin,"(131060, 131064)"
1918,<ch><49>,Orin,"(131894, 131898)"
1919,<ch><49>,Orin,"(132098, 132102)"
1920,<ch><49>,Orin,"(132128, 132132)"
1921,<ch><49>,Orin,"(132420, 132424)"
1922,<ch><49>,Orin,"(132637, 132641)"
1923,<ch><49>,Orin,"(134248, 134252)"
1924,<ch><49>,Orin,"(134620, 134624)"
1925,<ch><49>,Orin,"(134914, 134918)"
1926,<ch><49>,Orin,"(135190, 135194)"
1927,<ch><49>,Orin,"(135245, 135249)"
1928,<ch><49>,Orin,"(135448, 135452)"
1929,<ch><49>,Orin,"(135556, 135560)"
1930,<ch><49>,Orin,"(135772, 135776)"
1931,<ch><49>,Orin,"(135876, 135880)"
1932,<ch><49>,Orin,"(135996, 136000)"
1933,<ch><51>,Orin,"(21578, 21582)"
1934,<ch><51>,Orin,"(21676, 21680)"
1935,<ch><51>,Orin,"(21858, 21862)"
1936,<ch><54>,Orin,"(730, 734)"
1937,<ch><54>,Orin,"(7290, 7294)"
1938,<ch><54>,Orin,"(10956, 10960)"
1939,<ch><54>,Orin,"(11678, 11682)"
1940,<ch><54>,Orin,"(13843, 13847)"
1941,<ch><54>,Orin,"(27116, 27120)"
1942,<ch><54>,Orin,"(27129, 27133)"
1943,<ch><54>,Orin,"(30648, 30652)"
1944,<ch><54>,Orin,"(31616, 31620)"
1945,<ch><54>,Orin,"(31997, 32001)"
1946,<ch><56>,Orin,"(1409, 1413)"
1947,<ch><57>,Orin,"(10860, 10864)"
1948,<ch><61>,Orin,"(38028, 38032)"
1949,<ch><61>,Orin,"(38914, 38918)"
1950,<ch><61>,Orin,"(39099, 39103)"
1951,<ch><61>,Orin,"(39162, 39166)"
1952,<ch><61>,Orin,"(39296, 39300)"
1953,<ch><61>,Orin,"(39606, 39610)"
1954,<ch><61>,Orin,"(39919, 39923)"
1955,<ch><61>,Orin,"(40000, 40004)"
1956,<ch><61>,Orin,"(40191, 40195)"
1957,<ch><61>,Orin,"(40482, 40486)"
1958,<ch><61>,Orin,"(40792, 40796)"
1959,<ch><61>,Orin,"(41031, 41035)"
1960,<ch><61>,Orin,"(41050, 41054)"
1961,<ch><61>,Orin,"(41171, 41175)"
1962,<ch><61>,Orin,"(41201, 41205)"
1963,<ch><61>,Orin,"(41432, 41436)"
1964,<ch><61>,Orin,"(41869, 41873)"
1965,<ch><61>,Orin,"(41884, 41888)"
1966,<ch><61>,Orin,"(42012, 42016)"
1967,<ch><61>,Orin,"(42302, 42306)"
1968,<ch><61>,Orin,"(42434, 42438)"
1969,<ch><61>,Orin,"(42822, 42826)"
1970,<ch><61>,Orin,"(42977, 42981)"
1971,<ch><61>,Orin,"(43194, 43198)"
1972,<ch><61>,Orin,"(43200, 43204)"
1973,<ch><61>,Orin,"(43568, 43572)"
1974,<ch><61>,Orin,"(43610, 43614)"
1975,<ch><61>,Orin,"(43964, 43968)"
1976,<ch><61>,Orin,"(44473, 44477)"
1977,<ch><61>,Orin,"(45855, 45859)"
1978,<ch><61>,Orin,"(46153, 46157)"
1979,<ch><61>,Orin,"(46268, 46272)"
1980,<ch><61>,Orin,"(46414, 46418)"
1981,<ch><61>,Orin,"(46474, 46478)"
1982,<ch><61>,Orin,"(46993, 46997)"
1983,<ch><61>,Orin,"(47349, 47353)"
1984,<ch><61>,Orin,"(47995, 47999)"
1985,<ch><61>,Orin,"(48308, 48312)"
1986,<ch><61>,Orin,"(48457, 48461)"
1987,<ch><61>,Orin,"(48560, 48564)"
1988,<ch><61>,Orin,"(48839, 48843)"
1989,<ch><61>,Orin,"(49507, 49511)"
1990,<ch><61>,Orin,"(51738, 51742)"
1991,<ch><61>,Orin,"(51895, 51899)"
1992,<ch><61>,Orin,"(53573, 53577)"
1993,<ch><61>,Orin,"(54254, 54258)"
1994,<ch><61>,Orin,"(54975, 54979)"
1995,<ch><61>,Orin,"(58011, 58015)"
1996,<ch><61>,Orin,"(58228, 58232)"
1997,<ch><61>,Orin,"(58517, 58521)"
1998,<ch><61>,Orin,"(58623, 58627)"
1999,<ch><61>,Orin,"(59002, 59006)"
2000,<ch><61>,Orin,"(59710, 59714)"
2001,<ch><61>,Orin,"(59749, 59753)"
2002,<ch><61>,Orin,"(60011, 60015)"
2003,<ch><61>,Orin,"(60403, 60407)"
2004,<ch><61>,Orin,"(60423, 60427)"
2005,<ch><61>,Orin,"(60536, 60540)"
2006,<ch><61>,Orin,"(61100, 61104)"
2007,<ch><61>,Orin,"(62069, 62073)"
2008,<ch><61>,Orin,"(62529, 62533)"
2009,<ch><61>,Orin,"(63100, 63104)"
2010,<ch><61>,Orin,"(63190, 63194)"
2011,<ch><61>,Orin,"(63407, 63411)"
2012,<ch><61>,Orin,"(64449, 64453)"
2013,<ch><61>,Orin,"(64923, 64927)"
2014,<ch><61>,Orin,"(66653, 66657)"
2015,<ch><61>,Orin,"(67050, 67054)"
2016,<ch><61>,Orin,"(67846, 67850)"
2017,<ch><61>,Orin,"(67948, 67952)"
2018,<ch><61>,Orin,"(69535, 69539)"
2019,<ch><61>,Orin,"(69920, 69924)"
2020,<ch><61>,Orin,"(70027, 70031)"
2021,<ch><61>,Orin,"(70258, 70262)"
2022,<ch><61>,Orin,"(70665, 70669)"
2023,<ch><61>,Orin,"(70817, 70821)"
2024,<ch><61>,Orin,"(71401, 71405)"
2025,<ch><61>,Orin,"(71835, 71839)"
2026,<ch><61>,Orin,"(72040, 72044)"
2027,<ch><62>,Orin,"(20235, 20239)"
2028,<ch><62>,Orin,"(30685, 30689)"
2029,<ch><62>,Orin,"(31262, 31266)"
2030,<ch><62>,Orin,"(34350, 34354)"
2031,<ch><62>,Orin,"(41471, 41475)"
2032,<ch><62>,Orin,"(41613, 41617)"
2033,<ch><62>,Orin,"(41673, 41677)"
2034,<ch><62>,Orin,"(41912, 41916)"
2035,<ch><62>,Orin,"(42500, 42504)"
2036,<ch><62>,Orin,"(42651, 42655)"
2037,<ch><62>,Orin,"(42789, 42793)"
2038,<ch><62>,Orin,"(43203, 43207)"
2039,<ch><62>,Orin,"(47128, 47132)"
2040,<ch><62>,Orin,"(74422, 74426)"
2041,<ch><62>,Orin,"(74560, 74564)"
2042,<ch><63>,Orin,"(28773, 28777)"
2043,<ch><63>,Orin,"(52731, 52735)"
2044,<ch><65>,Orin,"(127669, 127673)"
2045,<ch><65>,Orin,"(133245, 133249)"
2046,<ch><65>,Orin,"(137939, 137943)"
2047,<ch><65>,Orin,"(138405, 138409)"
2048,<ch><65>,Orin,"(143577, 143581)"
2049,<ch><65>,Orin,"(143874, 143878)"
2050,<ch><65>,Orin,"(144087, 144091)"
2051,<ch><65>,Orin,"(144234, 144238)"
2052,<ch><65>,Orin,"(144383, 144387)"
2053,<ch><65>,Orin,"(271854, 271858)"
2054,<ch><65>,Orin,"(284921, 284925)"
2055,<ch><65>,Orin,"(285699, 285703)"
2056,<ch><65>,Orin,"(285814, 285818)"
2057,<ch><65>,Orin,"(289719, 289723)"
2058,<ch><65>,Orin,"(289783, 289787)"
2059,<ch><65>,Orin,"(293554, 293558)"
2060,<ch><65>,Orin,"(297191, 297195)"
2061,<ch><65>,Orin,"(297465, 297469)"
2062,<ch><65>,Orin,"(298463, 298467)"
2063,<ch><65>,Orin,"(298914, 298918)"
2064,<ch><65>,Orin,"(298996, 299000)"
2065,<ch><65>,Orin,"(299088, 299092)"
2066,<ch><65>,Orin,"(299568, 299572)"
2067,<ch><65>,Orin,"(302987, 302991)"
2068,<ch><65>,Orin,"(303175, 303179)"
2069,<ch><65>,Orin,"(303644, 303648)"
2070,<ch><65>,Orin,"(304262, 304266)"
2071,<ch><65>,Orin,"(304394, 304398)"
2072,<ch><65>,Orin,"(304409, 304413)"
2073,<ch><65>,Orin,"(304537, 304541)"
2074,<ch><65>,Orin,"(304808, 304812)"
2075,<ch><65>,Orin,"(305016, 305020)"
2076,<ch><65>,Orin,"(305080, 305084)"
2077,<ch><65>,Orin,"(305152, 305156)"
2078,<ch><65>,Orin,"(305179, 305183)"
2079,<ch><65>,Orin,"(305327, 305331)"
2080,<ch><65>,Orin,"(305474, 305478)"
2081,<ch><65>,Orin,"(305624, 305628)"
2082,<ch><65>,Orin,"(305708, 305712)"
2083,<ch><65>,Orin,"(305768, 305772)"
2084,<ch><65>,Orin,"(305869, 305873)"
2085,<ch><65>,Orin,"(306037, 306041)"
2086,<ch><65>,Orin,"(306111, 306115)"
2087,<ch><65>,Orin,"(306552, 306556)"
2088,<ch><65>,Orin,"(306732, 306736)"
2089,<ch><65>,Orin,"(306976, 306980)"
2090,<ch><65>,Orin,"(309260, 309264)"
2091,<ch><65>,Orin,"(309384, 309388)"
2092,<ch><65>,Orin,"(309504, 309508)"
2093,<ch><65>,Orin,"(311376, 311380)"
2094,<ch><66>,Orin,"(23758, 23762)"
2095,<ch><66>,Orin,"(23835, 23839)"
2096,<ch><66>,Orin,"(24039, 24043)"
2097,<ch><66>,Orin,"(24342, 24346)"
2098,<ch><66>,Orin,"(24707, 24711)"
2099,<ch><66>,Orin,"(25024, 25028)"
2100,<ch><13>,James Orin,"(301, 311)"
2101,<ch><02>,Himself,"(37581, 37588)"
2102,<ch><04>,Himself,"(3048, 3055)"
2103,<ch><04>,Himself,"(3760, 3767)"
2104,<ch><04>,Himself,"(3873, 3880)"
2105,<ch><04>,Himself,"(3904, 3911)"
2106,<ch><04>,Himself,"(3934, 3941)"
2107,<ch><04>,Himself,"(4256, 4263)"
2108,<ch><04>,Himself,"(9206, 9213)"
2109,<ch><08>,Himself,"(1926, 1933)"
2110,<ch><08>,Himself,"(2989, 2996)"
2111,<ch><08>,Himself,"(3224, 3231)"
2112,<ch><08>,Himself,"(3951, 3958)"
2113,<ch><09>,Himself,"(7851, 7858)"
2114,<ch><09>,Himself,"(11299, 11306)"
2115,<ch><18>,Himself,"(16230, 16237)"
2116,<ch><23>,Himself,"(72533, 72540)"
2117,<ch><24>,Himself,"(26325, 26332)"
2118,<ch><25>,Himself,"(8126, 8133)"
2119,<ch><25>,Himself,"(9976, 9983)"
2120,<ch><25>,Himself,"(10861, 10868)"
2121,<ch><25>,Himself,"(13497, 13504)"
2122,<ch><25>,Himself,"(16306, 16313)"
2123,<ch><28>,Himself,"(57077, 57084)"
2124,<ch><29>,Himself,"(10689, 10696)"
2125,<ch><29>,Himself,"(12821, 12828)"
2126,<ch><29>,Himself,"(12907, 12914)"
2127,<ch><29>,Himself,"(12932, 12939)"
2128,<ch><29>,Himself,"(12950, 12957)"
2129,<ch><29>,Himself,"(12981, 12988)"
2130,<ch><29>,Himself,"(13022, 13029)"
2131,<ch><29>,Himself,"(16896, 16903)"
2132,<ch><29>,Himself,"(17027, 17034)"
2133,<ch><29>,Himself,"(17036, 17043)"
2134,<ch><29>,Himself,"(17128, 17135)"
2135,<ch><29>,Himself,"(17822, 17829)"
2136,<ch><29>,Himself,"(24824, 24831)"
2137,<ch><29>,Himself,"(24879, 24886)"
2138,<ch><29>,Himself,"(26618, 26625)"
2139,<ch><29>,Himself,"(26993, 27000)"
2140,<ch><29>,Himself,"(27103, 27110)"
2141,<ch><29>,Himself,"(30517, 30524)"
2142,<ch><29>,Himself,"(30799, 30806)"
2143,<ch><29>,Himself,"(30846, 30853)"
2144,<ch><29>,Himself,"(33968, 33975)"
2145,<ch><29>,Himself,"(34931, 34938)"
2146,<ch><29>,Himself,"(37229, 37236)"
2147,<ch><30>,Himself,"(76963, 76970)"
2148,<ch><30>,Himself,"(78912, 78919)"
2149,<ch><30>,Himself,"(79619, 79626)"
2150,<ch><30>,Himself,"(81387, 81394)"
2151,<ch><30>,Himself,"(81706, 81713)"
2152,<ch><30>,Himself,"(85947, 85954)"
2153,<ch><30>,Himself,"(86127, 86134)"
2154,<ch><30>,Himself,"(118406, 118413)"
2155,<ch><30>,Himself,"(118721, 118728)"
2156,<ch><30>,Himself,"(119124, 119131)"
2157,<ch><30>,Himself,"(119379, 119386)"
2158,<ch><30>,Himself,"(119541, 119548)"
2159,<ch><30>,Himself,"(120472, 120479)"
2160,<ch><30>,Himself,"(121016, 121023)"
2161,<ch><32>,Himself,"(25461, 25468)"
2162,<ch><32>,Himself,"(26722, 26729)"
2163,<ch><32>,Himself,"(27206, 27213)"
2164,<ch><36>,Himself,"(1712, 1719)"
2165,<ch><36>,Himself,"(12546, 12553)"
2166,<ch><36>,Himself,"(13611, 13618)"
2167,<ch><36>,Himself,"(13823, 13830)"
2168,<ch><37>,Himself,"(45719, 45726)"
2169,<ch><37>,Himself,"(47884, 47891)"
2170,<ch><37>,Himself,"(52741, 52748)"
2171,<ch><37>,Himself,"(56454, 56461)"
2172,<ch><37>,Himself,"(84110, 84117)"
2173,<ch><37>,Himself,"(85760, 85767)"
2174,<ch><38>,Himself,"(40186, 40193)"
2175,<ch><38>,Himself,"(43069, 43076)"
2176,<ch><38>,Himself,"(43290, 43297)"
2177,<ch><38>,Himself,"(43445, 43452)"
2178,<ch><44>,Himself,"(55498, 55505)"
2179,<ch><44>,Himself,"(72513, 72520)"
2180,<ch><44>,Himself,"(91990, 91997)"
2181,<ch><44>,Himself,"(92804, 92811)"
2182,<ch><50>,Himself,"(7426, 7433)"
2183,<ch><51>,Himself,"(21616, 21623)"
2184,<ch><56>,Himself,"(2920, 2927)"
2185,<ch><56>,Himself,"(3628, 3635)"
2186,<ch><56>,Himself,"(8342, 8349)"
2187,<ch><56>,Himself,"(10142, 10149)"
2188,<ch><56>,Himself,"(10470, 10477)"
2189,<ch><57>,Himself,"(15155, 15162)"
2190,<ch><58>,Himself,"(13427, 13434)"
2191,<ch><58>,Himself,"(13919, 13926)"
2192,<ch><58>,Himself,"(14490, 14497)"
2193,<ch><58>,Himself,"(14913, 14920)"
2194,<ch><58>,Himself,"(15498, 15505)"
2195,<ch><58>,Himself,"(15656, 15663)"
2196,<ch><58>,Himself,"(15883, 15890)"
2197,<ch><58>,Himself,"(22160, 22167)"
2198,<ch><58>,Himself,"(22628, 22635)"
2199,<ch><58>,Himself,"(22820, 22827)"
2200,<ch><58>,Himself,"(23150, 23157)"
2201,<ch><61>,Himself,"(38976, 38983)"
2202,<ch><61>,Himself,"(39191, 39198)"
2203,<ch><61>,Himself,"(41989, 41996)"
2204,<ch><61>,Himself,"(47422, 47429)"
2205,<ch><61>,Himself,"(47538, 47545)"
2206,<ch><61>,Himself,"(48370, 48377)"
2207,<ch><61>,Himself,"(48592, 48599)"
2208,<ch><61>,Himself,"(50244, 50251)"
2209,<ch><61>,Himself,"(51267, 51274)"
2210,<ch><61>,Himself,"(58020, 58027)"
2211,<ch><61>,Himself,"(58539, 58546)"
2212,<ch><61>,Himself,"(60126, 60133)"
2213,<ch><61>,Himself,"(60338, 60345)"
2214,<ch><61>,Himself,"(65955, 65962)"
2215,<ch><62>,Himself,"(23321, 23328)"
2216,<ch><62>,Himself,"(23330, 23337)"
2217,<ch><62>,Himself,"(31082, 31089)"
2218,<ch><62>,Himself,"(40851, 40858)"
2219,<ch><62>,Himself,"(40945, 40952)"
2220,<ch><62>,Himself,"(41384, 41391)"
2221,<ch><62>,Himself,"(74356, 74363)"
2222,<ch><62>,Himself,"(74398, 74405)"
2223,<ch><62>,Himself,"(74681, 74688)"
2224,<ch><62>,Himself,"(74705, 74712)"
2225,<ch><62>,Himself,"(77826, 77833)"
2226,<ch><65>,Himself,"(5691, 5698)"
2227,<ch><65>,Himself,"(57195, 57202)"
2228,<ch><65>,Himself,"(67646, 67653)"
2229,<ch><65>,Himself,"(67906, 67913)"
2230,<ch><65>,Himself,"(68191, 68198)"
2231,<ch><65>,Himself,"(68295, 68302)"
2232,<ch><65>,Himself,"(68557, 68564)"
2233,<ch><65>,Himself,"(133214, 133221)"
2234,<ch><65>,Himself,"(133545, 133552)"
2235,<ch><65>,Himself,"(134132, 134139)"
2236,<ch><65>,Himself,"(134334, 134341)"
2237,<ch><65>,Himself,"(134828, 134835)"
2238,<ch><65>,Himself,"(136781, 136788)"
2239,<ch><65>,Himself,"(136950, 136957)"
2240,<ch><65>,Himself,"(137147, 137154)"
2241,<ch><65>,Himself,"(137198, 137205)"
2242,<ch><65>,Himself,"(137209, 137216)"
2243,<ch><65>,Himself,"(141488, 141495)"
2244,<ch><65>,Himself,"(144118, 144125)"
2245,<ch><65>,Himself,"(162852, 162859)"
2246,<ch><65>,Himself,"(162888, 162895)"
2247,<ch><65>,Himself,"(168797, 168804)"
2248,<ch><65>,Himself,"(171138, 171145)"
2249,<ch><65>,Himself,"(171188, 171195)"
2250,<ch><65>,Himself,"(172467, 172474)"
2251,<ch><65>,Himself,"(261834, 261841)"
2252,<ch><65>,Himself,"(262766, 262773)"
2253,<ch><65>,Himself,"(268973, 268980)"
2254,<ch><65>,Himself,"(268992, 268999)"
2255,<ch><65>,Himself,"(269280, 269287)"
2256,<ch><65>,Himself,"(269565, 269572)"
2257,<ch><65>,Himself,"(269802, 269809)"
2258,<ch><65>,Himself,"(269905, 269912)"
2259,<ch><65>,Himself,"(270230, 270237)"
2260,<ch><65>,Himself,"(270623, 270630)"
2261,<ch><65>,Himself,"(270814, 270821)"
2262,<ch><65>,Himself,"(271225, 271232)"
2263,<ch><65>,Himself,"(271519, 271526)"
2264,<ch><65>,Himself,"(271669, 271676)"
2265,<ch><65>,Himself,"(272077, 272084)"
2266,<ch><65>,Himself,"(272528, 272535)"
2267,<ch><65>,Himself,"(273346, 273353)"
2268,<ch><65>,Himself,"(276264, 276271)"
2269,<ch><65>,Himself,"(278180, 278187)"
2270,<ch><65>,Himself,"(278492, 278499)"
2271,<ch><65>,Himself,"(278570, 278577)"
2272,<ch><65>,Himself,"(278808, 278815)"
2273,<ch><65>,Himself,"(285450, 285457)"
2274,<ch><65>,Himself,"(285710, 285717)"
2275,<ch><65>,Himself,"(285889, 285896)"
2276,<ch><65>,Himself,"(286887, 286894)"
2277,<ch><65>,Himself,"(289437, 289444)"
2278,<ch><65>,Himself,"(289704, 289711)"
2279,<ch><65>,Himself,"(290086, 290093)"
2280,<ch><65>,Himself,"(291568, 291575)"
2281,<ch><65>,Himself,"(292839, 292846)"
2282,<ch><65>,Himself,"(293446, 293453)"
2283,<ch><65>,Himself,"(293599, 293606)"
2284,<ch><65>,Himself,"(296343, 296350)"
2285,<ch><65>,Himself,"(298384, 298391)"
2286,<ch><65>,Himself,"(299156, 299163)"
2287,<ch><65>,Himself,"(300084, 300091)"
2288,<ch><65>,Himself,"(301747, 301754)"
2289,<ch><65>,Himself,"(302967, 302974)"
2290,<ch><65>,Himself,"(303853, 303860)"
2291,<ch><65>,Himself,"(304253, 304260)"
2292,<ch><65>,Himself,"(304292, 304299)"
2293,<ch><65>,Himself,"(304380, 304387)"
2294,<ch><65>,Himself,"(304473, 304480)"
2295,<ch><65>,Himself,"(304521, 304528)"
2296,<ch><65>,Himself,"(304685, 304692)"
2297,<ch><65>,Himself,"(304833, 304840)"
2298,<ch><65>,Himself,"(304961, 304968)"
2299,<ch><65>,Himself,"(305123, 305130)"
2300,<ch><65>,Himself,"(305166, 305173)"
2301,<ch><65>,Himself,"(305603, 305610)"
2302,<ch><65>,Himself,"(305901, 305908)"
2303,<ch><65>,Himself,"(306653, 306660)"
2304,<ch><65>,Himself,"(306809, 306816)"
2305,<ch><65>,Himself,"(306882, 306889)"
2306,<ch><65>,Himself,"(307050, 307057)"
2307,<ch><65>,Himself,"(307086, 307093)"
2308,<ch><65>,Himself,"(308987, 308994)"
2309,<ch><65>,Himself,"(309284, 309291)"
2310,<ch><65>,Himself,"(309427, 309434)"
2311,<ch><65>,Himself,"(310044, 310051)"
2312,<ch><65>,Himself,"(310703, 310710)"
2313,<ch><65>,Himself,"(311258, 311265)"
2314,<ch><09>,Avril,"(12095, 12100)"
2315,<ch><10>,Avril,"(3127, 3132)"
2316,<ch><10>,Avril,"(3476, 3481)"
2317,<ch><10>,Avril,"(4055, 4060)"
2318,<ch><10>,Avril,"(4711, 4716)"
2319,<ch><10>,Avril,"(5486, 5491)"
2320,<ch><10>,Avril,"(5617, 5622)"
2321,<ch><10>,Avril,"(5898, 5903)"
2322,<ch><13>,Avril,"(3566, 3571)"
2323,<ch><23>,Avril,"(76830, 76835)"
2324,<ch><23>,Avril,"(77621, 77626)"
2325,<ch><26>,Avril,"(19741, 19746)"
2326,<ch><26>,Avril,"(19922, 19927)"
2327,<ch><26>,Avril,"(20029, 20034)"
2328,<ch><26>,Avril,"(20706, 20711)"
2329,<ch><26>,Avril,"(20918, 20923)"
2330,<ch><26>,Avril,"(22615, 22620)"
2331,<ch><26>,Avril,"(23642, 23647)"
2332,<ch><26>,Avril,"(23793, 23798)"
2333,<ch><26>,Avril,"(24232, 24237)"
2334,<ch><26>,Avril,"(30799, 30804)"
2335,<ch><26>,Avril,"(31297, 31302)"
2336,<ch><26>,Avril,"(31832, 31837)"
2337,<ch><26>,Avril,"(31953, 31958)"
2338,<ch><26>,Avril,"(32083, 32088)"
2339,<ch><26>,Avril,"(32363, 32368)"
2340,<ch><26>,Avril,"(32504, 32509)"
2341,<ch><26>,Avril,"(33011, 33016)"
2342,<ch><26>,Avril,"(33183, 33188)"
2343,<ch><26>,Avril,"(33278, 33283)"
2344,<ch><26>,Avril,"(35838, 35843)"
2345,<ch><26>,Avril,"(36410, 36415)"
2346,<ch><26>,Avril,"(36886, 36891)"
2347,<ch><26>,Avril,"(36919, 36924)"
2348,<ch><26>,Avril,"(37047, 37052)"
2349,<ch><27>,Avril,"(44960, 44965)"
2350,<ch><27>,Avril,"(56431, 56436)"
2351,<ch><27>,Avril,"(60467, 60472)"
2352,<ch><30>,Avril,"(76258, 76263)"
2353,<ch><30>,Avril,"(80460, 80465)"
2354,<ch><30>,Avril,"(81776, 81781)"
2355,<ch><30>,Avril,"(82096, 82101)"
2356,<ch><30>,Avril,"(84217, 84222)"
2357,<ch><30>,Avril,"(84876, 84881)"
2358,<ch><30>,Avril,"(90187, 90192)"
2359,<ch><30>,Avril,"(91054, 91059)"
2360,<ch><30>,Avril,"(92306, 92311)"
2361,<ch><30>,Avril,"(93996, 94001)"
2362,<ch><30>,Avril,"(115889, 115894)"
2363,<ch><32>,Avril,"(17493, 17498)"
2364,<ch><32>,Avril,"(17771, 17776)"
2365,<ch><32>,Avril,"(18607, 18612)"
2366,<ch><32>,Avril,"(18706, 18711)"
2367,<ch><32>,Avril,"(31391, 31396)"
2368,<ch><32>,Avril,"(31728, 31733)"
2369,<ch><32>,Avril,"(32371, 32376)"
2370,<ch><32>,Avril,"(32797, 32802)"
2371,<ch><37>,Avril,"(1602, 1607)"
2372,<ch><37>,Avril,"(33009, 33014)"
2373,<ch><37>,Avril,"(48073, 48078)"
2374,<ch><38>,Avril,"(56209, 56214)"
2375,<ch><38>,Avril,"(58042, 58047)"
2376,<ch><44>,Avril,"(54597, 54602)"
2377,<ch><44>,Avril,"(54796, 54801)"
2378,<ch><44>,Avril,"(54979, 54984)"
2379,<ch><44>,Avril,"(55134, 55139)"
2380,<ch><44>,Avril,"(55434, 55439)"
2381,<ch><44>,Avril,"(55910, 55915)"
2382,<ch><44>,Avril,"(57047, 57052)"
2383,<ch><44>,Avril,"(58552, 58557)"
2384,<ch><44>,Avril,"(58739, 58744)"
2385,<ch><44>,Avril,"(58941, 58946)"
2386,<ch><44>,Avril,"(61103, 61108)"
2387,<ch><44>,Avril,"(64670, 64675)"
2388,<ch><44>,Avril,"(65205, 65210)"
2389,<ch><44>,Avril,"(65303, 65308)"
2390,<ch><44>,Avril,"(67223, 67228)"
2391,<ch><44>,Avril,"(67627, 67632)"
2392,<ch><44>,Avril,"(71720, 71725)"
2393,<ch><44>,Avril,"(76958, 76963)"
2394,<ch><44>,Avril,"(83228, 83233)"
2395,<ch><44>,Avril,"(89195, 89200)"
2396,<ch><44>,Avril,"(89783, 89788)"
2397,<ch><44>,Avril,"(90057, 90062)"
2398,<ch><44>,Avril,"(90199, 90204)"
2399,<ch><44>,Avril,"(90911, 90916)"
2400,<ch><44>,Avril,"(91099, 91104)"
2401,<ch><44>,Avril,"(91521, 91526)"
2402,<ch><44>,Avril,"(92571, 92576)"
2403,<ch><44>,Avril,"(93105, 93110)"
2404,<ch><44>,Avril,"(95523, 95528)"
2405,<ch><44>,Avril,"(95843, 95848)"
2406,<ch><44>,Avril,"(96660, 96665)"
2407,<ch><44>,Avril,"(96903, 96908)"
2408,<ch><44>,Avril,"(100243, 100248)"
2409,<ch><44>,Avril,"(100456, 100461)"
2410,<ch><44>,Avril,"(103982, 103987)"
2411,<ch><48>,Avril,"(8088, 8093)"
2412,<ch><49>,Avril,"(104244, 104249)"
2413,<ch><49>,Avril,"(104262, 104267)"
2414,<ch><49>,Avril,"(105734, 105739)"
2415,<ch><49>,Avril,"(106203, 106208)"
2416,<ch><54>,Avril,"(10843, 10848)"
2417,<ch><57>,Avril,"(13167, 13172)"
2418,<ch><57>,Avril,"(13357, 13362)"
2419,<ch><58>,Avril,"(6981, 6986)"
2420,<ch><61>,Avril,"(42760, 42765)"
2421,<ch><61>,Avril,"(61148, 61153)"
2422,<ch><61>,Avril,"(61497, 61502)"
2423,<ch><61>,Avril,"(61910, 61915)"
2424,<ch><61>,Avril,"(62264, 62269)"
2425,<ch><61>,Avril,"(62501, 62506)"
2426,<ch><61>,Avril,"(62612, 62617)"
2427,<ch><61>,Avril,"(62666, 62671)"
2428,<ch><61>,Avril,"(62763, 62768)"
2429,<ch><61>,Avril,"(62974, 62979)"
2430,<ch><61>,Avril,"(63127, 63132)"
2431,<ch><61>,Avril,"(63363, 63368)"
2432,<ch><61>,Avril,"(63652, 63657)"
2433,<ch><61>,Avril,"(63915, 63920)"
2434,<ch><61>,Avril,"(64564, 64569)"
2435,<ch><61>,Avril,"(65018, 65023)"
2436,<ch><61>,Avril,"(65218, 65223)"
2437,<ch><61>,Avril,"(66366, 66371)"
2438,<ch><61>,Avril,"(66723, 66728)"
2439,<ch><61>,Avril,"(67732, 67737)"
2440,<ch><61>,Avril,"(68036, 68041)"
2441,<ch><61>,Avril,"(68547, 68552)"
2442,<ch><61>,Avril,"(68945, 68950)"
2443,<ch><61>,Avril,"(70634, 70639)"
2444,<ch><62>,Avril,"(13016, 13021)"
2445,<ch><62>,Avril,"(15325, 15330)"
2446,<ch><62>,Avril,"(15960, 15965)"
2447,<ch><62>,Avril,"(16209, 16214)"
2448,<ch><62>,Avril,"(20295, 20300)"
2449,<ch><62>,Avril,"(25218, 25223)"
2450,<ch><62>,Avril,"(26595, 26600)"
2451,<ch><62>,Avril,"(26705, 26710)"
2452,<ch><62>,Avril,"(30249, 30254)"
2453,<ch><62>,Avril,"(30990, 30995)"
2454,<ch><62>,Avril,"(35309, 35314)"
2455,<ch><62>,Avril,"(36653, 36658)"
2456,<ch><65>,Avril,"(134232, 134237)"
2457,<ch><65>,Avril,"(301221, 301226)"
2458,<ch><04>,Mondragon,"(9644, 9653)"
2459,<ch><13>,Mondragon,"(3572, 3581)"
2460,<ch><13>,Mondragon,"(3990, 3999)"
2461,<ch><65>,Mondragon,"(134238, 134247)"
2462,<ch><65>,Mondragon,"(143144, 143153)"
2463,<ch><04>,Luria P-,"(6365, 6373)"
2464,<ch><17>,Luria Pe,"(13459, 13467)"
2465,<ch><37>,Luria P-,"(86336, 86344)"
2466,<ch><38>,Luria P-,"(63638, 63646)"
2467,<ch><61>,Luria P-,"(7905, 7913)"
2468,<ch><64>,Luria P-,"(1647, 1655)"
2469,<ch><66>,Luria P-,"(25236, 25244)"
2470,<ch><66>,Luria P-,"(25869, 25877)"
2471,<ch><02>,Incandenza,"(2109, 2119)"
2472,<ch><02>,Incandenza,"(20105, 20115)"
2473,<ch><09>,Incandenza,"(58, 68)"
2474,<ch><09>,Incandenza,"(328, 338)"
2475,<ch><09>,Incandenza,"(5757, 5767)"
2476,<ch><09>,Incandenza,"(12107, 12117)"
2477,<ch><10>,Incandenza,"(50, 60)"
2478,<ch><10>,Incandenza,"(3133, 3143)"
2479,<ch><10>,Incandenza,"(3482, 3492)"
2480,<ch><10>,Incandenza,"(7216, 7226)"
2481,<ch><10>,Incandenza,"(12557, 12567)"
2482,<ch><10>,Incandenza,"(13596, 13606)"
2483,<ch><10>,Incandenza,"(16947, 16957)"
2484,<ch><13>,Incandenza,"(208, 218)"
2485,<ch><13>,Incandenza,"(312, 322)"
2486,<ch><13>,Incandenza,"(455, 465)"
2487,<ch><13>,Incandenza,"(1321, 1331)"
2488,<ch><13>,Incandenza,"(3344, 3354)"
2489,<ch><13>,Incandenza,"(3720, 3730)"
2490,<ch><13>,Incandenza,"(4254, 4264)"
2491,<ch><13>,Incandenza,"(5196, 5206)"
2492,<ch><13>,Incandenza,"(5499, 5509)"
2493,<ch><13>,Incandenza,"(5909, 5919)"
2494,<ch><15>,Incandenza,"(31462, 31472)"
2495,<ch><15>,Incandenza,"(31592, 31602)"
2496,<ch><15>,Incandenza,"(33133, 33143)"
2497,<ch><15>,Incandenza,"(37432, 37442)"
2498,<ch><15>,Incandenza,"(37527, 37537)"
2499,<ch><15>,Incandenza,"(37620, 37630)"
2500,<ch><15>,Incandenza,"(38238, 38248)"
2501,<ch><15>,Incandenza,"(38821, 38831)"
2502,<ch><15>,Incandenza,"(39373, 39383)"
2503,<ch><15>,Incandenza,"(39768, 39778)"
2504,<ch><15>,Incandenza,"(40540, 40550)"
2505,<ch><15>,Incandenza,"(41993, 42003)"
2506,<ch><18>,Incandenza,"(16013, 16023)"
2507,<ch><20>,Incandenza,"(3915, 3925)"
2508,<ch><23>,Incandenza,"(1702, 1712)"
2509,<ch><23>,Incandenza,"(70195, 70205)"
2510,<ch><23>,Incandenza,"(75119, 75129)"
2511,<ch><23>,Incandenza,"(75608, 75618)"
2512,<ch><23>,Incandenza,"(76150, 76160)"
2513,<ch><23>,Incandenza,"(77541, 77551)"
2514,<ch><23>,Incandenza,"(77855, 77865)"
2515,<ch><23>,Incandenza,"(79128, 79138)"
2516,<ch><23>,Incandenza,"(79661, 79671)"
2517,<ch><24>,Incandenza,"(28865, 28875)"
2518,<ch><25>,Incandenza,"(845, 855)"
2519,<ch><25>,Incandenza,"(4168, 4178)"
2520,<ch><25>,Incandenza,"(6341, 6351)"
2521,<ch><26>,Incandenza,"(8115, 8125)"
2522,<ch><26>,Incandenza,"(19766, 19776)"
2523,<ch><26>,Incandenza,"(20640, 20650)"
2524,<ch><26>,Incandenza,"(21934, 21944)"
2525,<ch><26>,Incandenza,"(22509, 22519)"
2526,<ch><26>,Incandenza,"(22720, 22730)"
2527,<ch><26>,Incandenza,"(30805, 30815)"
2528,<ch><27>,Incandenza,"(38586, 38596)"
2529,<ch><27>,Incandenza,"(52493, 52503)"
2530,<ch><27>,Incandenza,"(52542, 52552)"
2531,<ch><28>,Incandenza,"(17444, 17454)"
2532,<ch><28>,Incandenza,"(18392, 18402)"
2533,<ch><28>,Incandenza,"(24505, 24515)"
2534,<ch><28>,Incandenza,"(28469, 28479)"
2535,<ch><28>,Incandenza,"(29411, 29421)"
2536,<ch><28>,Incandenza,"(29578, 29588)"
2537,<ch><28>,Incandenza,"(54537, 54547)"
2538,<ch><29>,Incandenza,"(15580, 15590)"
2539,<ch><30>,Incandenza,"(4559, 4569)"
2540,<ch><30>,Incandenza,"(4959, 4969)"
2541,<ch><30>,Incandenza,"(6066, 6076)"
2542,<ch><30>,Incandenza,"(6698, 6708)"
2543,<ch><30>,Incandenza,"(6747, 6757)"
2544,<ch><30>,Incandenza,"(20179, 20189)"
2545,<ch><30>,Incandenza,"(23710, 23720)"
2546,<ch><30>,Incandenza,"(34185, 34195)"
2547,<ch><30>,Incandenza,"(36512, 36522)"
2548,<ch><30>,Incandenza,"(69070, 69080)"
2549,<ch><30>,Incandenza,"(71758, 71768)"
2550,<ch><30>,Incandenza,"(74707, 74717)"
2551,<ch><30>,Incandenza,"(76264, 76274)"
2552,<ch><30>,Incandenza,"(79604, 79614)"
2553,<ch><30>,Incandenza,"(80448, 80458)"
2554,<ch><30>,Incandenza,"(80466, 80476)"
2555,<ch><30>,Incandenza,"(84464, 84474)"
2556,<ch><30>,Incandenza,"(85170, 85180)"
2557,<ch><30>,Incandenza,"(86116, 86126)"
2558,<ch><30>,Incandenza,"(90193, 90203)"
2559,<ch><30>,Incandenza,"(91825, 91835)"
2560,<ch><30>,Incandenza,"(95425, 95435)"
2561,<ch><30>,Incandenza,"(101622, 101632)"
2562,<ch><30>,Incandenza,"(107244, 107254)"
2563,<ch><30>,Incandenza,"(108589, 108599)"
2564,<ch><30>,Incandenza,"(109369, 109379)"
2565,<ch><30>,Incandenza,"(112041, 112051)"
2566,<ch><32>,Incandenza,"(7937, 7947)"
2567,<ch><32>,Incandenza,"(9358, 9368)"
2568,<ch><32>,Incandenza,"(17415, 17425)"
2569,<ch><32>,Incandenza,"(17499, 17509)"
2570,<ch><32>,Incandenza,"(18150, 18160)"
2571,<ch><32>,Incandenza,"(18321, 18331)"
2572,<ch><32>,Incandenza,"(19635, 19645)"
2573,<ch><32>,Incandenza,"(20057, 20067)"
2574,<ch><32>,Incandenza,"(25786, 25796)"
2575,<ch><32>,Incandenza,"(27170, 27180)"
2576,<ch><32>,Incandenza,"(28532, 28542)"
2577,<ch><32>,Incandenza,"(28697, 28707)"
2578,<ch><34>,Incandenza,"(1933, 1943)"
2579,<ch><34>,Incandenza,"(4116, 4126)"
2580,<ch><34>,Incandenza,"(18896, 18906)"
2581,<ch><34>,Incandenza,"(22290, 22300)"
2582,<ch><34>,Incandenza,"(22838, 22848)"
2583,<ch><34>,Incandenza,"(48494, 48504)"
2584,<ch><34>,Incandenza,"(55708, 55718)"
2585,<ch><36>,Incandenza,"(1973, 1983)"
2586,<ch><36>,Incandenza,"(12451, 12461)"
2587,<ch><36>,Incandenza,"(12760, 12770)"
2588,<ch><36>,Incandenza,"(13132, 13142)"
2589,<ch><36>,Incandenza,"(13750, 13760)"
2590,<ch><37>,Incandenza,"(90, 100)"
2591,<ch><37>,Incandenza,"(2760, 2770)"
2592,<ch><37>,Incandenza,"(2953, 2963)"
2593,<ch><37>,Incandenza,"(13203, 13213)"
2594,<ch><37>,Incandenza,"(30968, 30978)"
2595,<ch><37>,Incandenza,"(32448, 32458)"
2596,<ch><37>,Incandenza,"(33015, 33025)"
2597,<ch><37>,Incandenza,"(44434, 44444)"
2598,<ch><37>,Incandenza,"(46205, 46215)"
2599,<ch><37>,Incandenza,"(49904, 49914)"
2600,<ch><37>,Incandenza,"(49966, 49976)"
2601,<ch><37>,Incandenza,"(53067, 53077)"
2602,<ch><37>,Incandenza,"(80021, 80031)"
2603,<ch><37>,Incandenza,"(83094, 83104)"
2604,<ch><37>,Incandenza,"(83345, 83355)"
2605,<ch><37>,Incandenza,"(83398, 83408)"
2606,<ch><37>,Incandenza,"(90743, 90753)"
2607,<ch><38>,Incandenza,"(34799, 34809)"
2608,<ch><38>,Incandenza,"(38468, 38478)"
2609,<ch><38>,Incandenza,"(39298, 39308)"
2610,<ch><38>,Incandenza,"(39486, 39496)"
2611,<ch><38>,Incandenza,"(39585, 39595)"
2612,<ch><38>,Incandenza,"(39790, 39800)"
2613,<ch><38>,Incandenza,"(40583, 40593)"
2614,<ch><38>,Incandenza,"(40650, 40660)"
2615,<ch><38>,Incandenza,"(41192, 41202)"
2616,<ch><38>,Incandenza,"(41510, 41520)"
2617,<ch><38>,Incandenza,"(42117, 42127)"
2618,<ch><38>,Incandenza,"(43193, 43203)"
2619,<ch><38>,Incandenza,"(43554, 43564)"
2620,<ch><38>,Incandenza,"(56182, 56192)"
2621,<ch><38>,Incandenza,"(57525, 57535)"
2622,<ch><40>,Incandenza,"(32, 42)"
2623,<ch><41>,Incandenza,"(3798, 3808)"
2624,<ch><41>,Incandenza,"(4224, 4234)"
2625,<ch><41>,Incandenza,"(7507, 7517)"
2626,<ch><41>,Incandenza,"(11914, 11924)"
2627,<ch><41>,Incandenza,"(20260, 20270)"
2628,<ch><41>,Incandenza,"(24787, 24797)"
2629,<ch><41>,Incandenza,"(31279, 31289)"
2630,<ch><44>,Incandenza,"(50424, 50434)"
2631,<ch><44>,Incandenza,"(54603, 54613)"
2632,<ch><44>,Incandenza,"(57056, 57066)"
2633,<ch><44>,Incandenza,"(58745, 58755)"
2634,<ch><44>,Incandenza,"(89201, 89211)"
2635,<ch><48>,Incandenza,"(8094, 8104)"
2636,<ch><48>,Incandenza,"(9964, 9974)"
2637,<ch><49>,Incandenza,"(19005, 19015)"
2638,<ch><49>,Incandenza,"(32371, 32381)"
2639,<ch><49>,Incandenza,"(102456, 102466)"
2640,<ch><50>,Incandenza,"(6881, 6891)"
2641,<ch><51>,Incandenza,"(1531, 1541)"
2642,<ch><51>,Incandenza,"(3577, 3587)"
2643,<ch><51>,Incandenza,"(31174, 31184)"
2644,<ch><51>,Incandenza,"(32882, 32892)"
2645,<ch><54>,Incandenza,"(5318, 5328)"
2646,<ch><54>,Incandenza,"(6155, 6165)"
2647,<ch><54>,Incandenza,"(10849, 10859)"
2648,<ch><54>,Incandenza,"(10961, 10971)"
2649,<ch><54>,Incandenza,"(14290, 14300)"
2650,<ch><54>,Incandenza,"(15077, 15087)"
2651,<ch><54>,Incandenza,"(18385, 18395)"
2652,<ch><54>,Incandenza,"(18716, 18726)"
2653,<ch><54>,Incandenza,"(22931, 22941)"
2654,<ch><54>,Incandenza,"(31624, 31634)"
2655,<ch><54>,Incandenza,"(31708, 31718)"
2656,<ch><54>,Incandenza,"(32002, 32012)"
2657,<ch><54>,Incandenza,"(35651, 35661)"
2658,<ch><54>,Incandenza,"(37907, 37917)"
2659,<ch><54>,Incandenza,"(41064, 41074)"
2660,<ch><54>,Incandenza,"(48102, 48112)"
2661,<ch><54>,Incandenza,"(53378, 53388)"
2662,<ch><54>,Incandenza,"(65475, 65485)"
2663,<ch><54>,Incandenza,"(65502, 65512)"
2664,<ch><54>,Incandenza,"(65553, 65563)"
2665,<ch><54>,Incandenza,"(65675, 65685)"
2666,<ch><54>,Incandenza,"(66393, 66403)"
2667,<ch><54>,Incandenza,"(66726, 66736)"
2668,<ch><54>,Incandenza,"(67847, 67857)"
2669,<ch><56>,Incandenza,"(10378, 10388)"
2670,<ch><57>,Incandenza,"(10252, 10262)"
2671,<ch><57>,Incandenza,"(10649, 10659)"
2672,<ch><57>,Incandenza,"(11027, 11037)"
2673,<ch><57>,Incandenza,"(12538, 12548)"
2674,<ch><57>,Incandenza,"(13173, 13183)"
2675,<ch><57>,Incandenza,"(14893, 14903)"
2676,<ch><58>,Incandenza,"(6987, 6997)"
2677,<ch><58>,Incandenza,"(22044, 22054)"
2678,<ch><61>,Incandenza,"(38033, 38043)"
2679,<ch><61>,Incandenza,"(39757, 39767)"
2680,<ch><61>,Incandenza,"(42766, 42776)"
2681,<ch><61>,Incandenza,"(50094, 50104)"
2682,<ch><61>,Incandenza,"(53578, 53588)"
2683,<ch><61>,Incandenza,"(61117, 61127)"
2684,<ch><61>,Incandenza,"(61503, 61513)"
2685,<ch><61>,Incandenza,"(61640, 61650)"
2686,<ch><61>,Incandenza,"(62356, 62366)"
2687,<ch><61>,Incandenza,"(62680, 62690)"
2688,<ch><61>,Incandenza,"(62842, 62852)"
2689,<ch><61>,Incandenza,"(63514, 63524)"
2690,<ch><61>,Incandenza,"(64101, 64111)"
2691,<ch><61>,Incandenza,"(64736, 64746)"
2692,<ch><61>,Incandenza,"(64816, 64826)"
2693,<ch><61>,Incandenza,"(65123, 65133)"
2694,<ch><61>,Incandenza,"(65309, 65319)"
2695,<ch><61>,Incandenza,"(65874, 65884)"
2696,<ch><61>,Incandenza,"(67308, 67318)"
2697,<ch><61>,Incandenza,"(67481, 67491)"
2698,<ch><61>,Incandenza,"(68052, 68062)"
2699,<ch><61>,Incandenza,"(68607, 68617)"
2700,<ch><61>,Incandenza,"(70431, 70441)"
2701,<ch><62>,Incandenza,"(13022, 13032)"
2702,<ch><62>,Incandenza,"(26417, 26427)"
2703,<ch><62>,Incandenza,"(26711, 26721)"
2704,<ch><62>,Incandenza,"(30255, 30265)"
2705,<ch><62>,Incandenza,"(31267, 31277)"
2706,<ch><63>,Incandenza,"(6458, 6468)"
2707,<ch><65>,Incandenza,"(9163, 9173)"
2708,<ch><65>,Incandenza,"(9403, 9413)"
2709,<ch><65>,Incandenza,"(133491, 133501)"
2710,<ch><65>,Incandenza,"(134254, 134264)"
2711,<ch><24>,"J.O.I,","(23398, 23404)"
2712,<ch><24>,J.O.I.,"(26295, 26301)"
2713,<ch><63>,J.O.I.,"(12377, 12383)"
2714,<ch><63>,J.O.I.,"(13597, 13603)"
2715,<ch><37>,JOI,"(38236, 38239)"
